Algorithm,Scenario,Seed,FinalErr,RegretPercent,MOE_energy,EnergyExcessPercent,TSearchOrRecovery,SearchSteps,BudgetUtilization,EnergyOn
ea_multistart,static,11,0.196247104651738,0.288591515125703,0.967859697488374,3.32076049814154,82,117,1,1
ea_multistart,static,12,0.296902724608088,0.638894208292114,0.96594333525711,3.52574146948537,82,117,1,1
ea_multistart,static,13,0.0475311616744118,0.574512071919644,0.947941175344543,5.49177797203876,82,208,1,1
ea_multistart,static,14,0.236637430589733,0.414711994058703,0.966968565252018,3.4159781336194,82,117,1,1
ea_multistart,static,15,0.0355405688990809,0.0097046184897781,0.970525027550315,3.03701312310127,82,117,1,1
ea_multistart,static,16,0.135865984433787,0.140198143443168,0.969532633947888,3.14247968405668,82,117,1,1
ea_multistart,static,17,0.00262038327804781,5.27989386166501e-05,0.970703844582266,3.01803228463995,82,117,1,1
ea_multistart,static,18,0.00107908245616617,8.95378119473687e-06,0.96994602561317,3.09852028805737,82,117,1,1
ea_multistart,static,19,0.120055835170274,0.109765554989795,0.947102625434485,5.58517874884447,82,208,1,1
ea_multistart,static,20,0.0804867832769824,0.0495975331265085,0.970325960221934,3.05815169278565,82,117,1,1
ea_multistart,static,21,0.161328268621695,0.196669443887334,0.969280990524794,3.16925739548177,82,117,1,1
ea_multistart,static,22,0.142649808993744,0.154352156577514,0.969407953025936,3.15574540920295,82,117,1,1
ea_multistart,static,23,0.1438647432922,0.156955899332354,0.969562056586209,3.1393496895869,82,117,1,1
ea_multistart,static,24,0.178901406226838,0.240880209054809,0.968126667542883,3.29226882449292,82,117,1,1
ea_multistart,static,25,0.166666666666667,14.2576270344931,0.948459828675608,5.43409111974315,82,188,1,1
ea_multistart,static,26,0.0909592595445643,0.0632676671207285,0.970129838386896,3.0789859698338,82,117,1,1
ea_multistart,static,27,0.135401476974131,0.139252915499506,0.969317516767312,3.16536972683776,82,117,1,1
ea_multistart,static,28,0.0523372319423929,0.0210242909963278,0.970269130562212,3.06418791460061,82,117,1,1
ea_multistart,static,29,0.218534045089944,0.355648088418171,0.967989855313246,3.30686778493106,82,117,1,1
ea_multistart,static,30,0.00368713810054455,0.000104537570490963,0.970261767308596,3.0649700620375,82,117,1,1
multistart,static,11,0.172874851673628,0.225244957018362,0.955819416054842,4.62227312011653,19,233,1,1
multistart,static,12,0.197712996567986,0.292805444672931,0.950904697708556,5.16300975373782,19,233,1,1
multistart,static,13,0.172178830573875,0.22347087602352,0.953283235957182,4.9006173905817,19,261,1,1
multistart,static,14,0.0485882851068933,0.0181247986671634,0.95702835165638,4.4901123638863,19,233,1,1
multistart,static,15,0.0959267174492595,0.0703228973538301,0.956583189674209,4.53873858483522,19,233,1,1
multistart,static,16,0.0668840077604731,0.0342956752354442,0.950064450249944,5.25601707725397,19,261,1,1
multistart,static,17,0.104229225148118,0.0829301710111443,0.953763672806382,4.84777608037548,19,261,1,1
multistart,static,18,0.0816554374971492,0.0510417981243854,0.959494231784049,4.22157495836485,19,205,1,1
multistart,static,19,0.0287013432739842,0.00633085127437591,0.949770638945284,5.28857799926262,20,261,1,1
multistart,static,20,0.180778073176294,0.245848972733723,0.948896592771217,5.38556125273224,19,261,1,1
multistart,static,21,0.0937944684251786,0.0672496255401205,0.949603885020712,5.30706705967071,19,261,1,1
multistart,static,22,0.0785828510641053,0.0472884092943705,0.938472758366739,6.55610310312463,19,233,1,1
multistart,static,23,0.0130680358639603,0.00131301128310181,0.949998345838486,5.26334118165037,19,261,1,1
multistart,static,24,0.232856323641978,0.402043843254127,0.95077256446908,5.17762474124492,19,233,1,1
multistart,static,25,0.173517823652114,0.226889664981639,0.937624812672203,6.65246764855013,19,233,1,1
multistart,static,26,0.209229485624077,0.326880012471116,0.951044514637059,5.14754931125637,19,233,1,1
multistart,static,27,0.19916656202801,0.297011599269555,0.944014633551258,5.93056129205677,19,261,1,1
multistart,static,28,0.20392847938243,0.310983105908271,0.947924199952207,5.49366711498857,19,261,1,1
multistart,static,29,0.297522745531195,0.641406547805422,0.947321915534321,5.56073744329734,19,261,1,1
multistart,static,30,0.0175965320801934,0.00238046365852382,0.950057162137068,5.2568245210204,20,261,1,1
tracker,static,11,0.0326557828816156,0.788760820359939,0.991355842428485,0.871953056769211,2,221,1,1
tracker,static,12,0.280794507657244,0.878061171271193,0.99209749058577,0.796545650928327,2,209,1,1
tracker,static,13,0.282967406795444,0.936368030958597,0.990924826460673,0.915828657935706,2,222,1,1
tracker,static,14,0.204000780425446,0.823514303849138,0.99217204902117,0.788971125174631,2,222,1,1
tracker,static,15,0.0158380548544699,0.519349442161655,0.99147386572641,0.859945437628215,2,217,1,1
tracker,static,16,0.0341586242379446,0.749866917226091,0.992176107038553,0.788558896545027,2,220,1,1
tracker,static,17,0.0761532937478862,1.30948275281414,0.989277516466915,1.08387013296119,2,225,1,1
tracker,static,18,0.133541997093101,0.940689409240447,0.991615998667408,0.845488711745171,2,217,1,1
tracker,static,19,0.182646757682942,0.770036757478654,0.990807276931748,0.927801327491233,2,223,1,1
tracker,static,20,0.110485277182608,0.796732265036528,0.991122792803124,0.895671783691795,2,219,1,1
tracker,static,21,0.111099821227477,0.911516075681114,0.991528156917431,0.854422844521882,2,229,1,1
tracker,static,22,0.0716250505164471,0.688891606600815,0.992414989181863,0.76429829263161,2,220,1,1
tracker,static,23,0.201775789161875,0.824721320428825,0.992362716024938,0.769606097824273,2,223,1,1
tracker,static,24,0.0985195729499555,1.15121227937122,0.989303704602107,1.08119431354957,2,222,1,1
tracker,static,25,0.106540183451587,0.669497269158475,0.990196312188539,0.990075169012994,2,218,1,1
tracker,static,26,0.35824045019209,1.02978826289593,0.989810495360423,1.02943994707457,2,220,1,1
tracker,static,27,0.432854862292647,1.21932053106641,0.987244993887168,1.29197982180807,2,229,1,1
tracker,static,28,0.192635079230721,1.05160896373988,0.992397315275126,0.766092834780235,2,216,1,1
tracker,static,29,0.174235276781429,0.700100850554926,0.991374264241586,0.870078644316349,2,220,1,1
tracker,static,30,0.675061946666178,1.90453392161357,0.99001600553557,1.00846798522508,2,216,1,1
grid,static,11,0.75,2.96236358055224,0.914383650199556,9.36328528859406,NaN,161,1,1
grid,static,12,0,0,0.92942613572374,7.59327304921377,162,161,1,1
grid,static,13,0.25,0.460854083581992,0.927053554691932,7.86863336415434,162,161,1,1
grid,static,14,0.125,0.118895823979384,0.928812871518553,7.66431330404156,162,161,1,1
grid,static,15,0.25,0.460854083581992,0.927053554691932,7.86863336415434,162,161,1,1
grid,static,16,0.125,0.118895823979384,0.928812871518553,7.66431330404156,162,161,1,1
grid,static,17,0.25,0.460854083581992,0.927053554691932,7.86863336415434,162,161,1,1
grid,static,18,0.125,0.118895823979384,0.928812871518553,7.66431330404156,162,161,1,1
grid,static,19,0.375,0.98388448202594,0.924375508312558,8.18114402722478,162,161,1,1
grid,static,20,0.125,0.118895823979384,0.928812871518553,7.66431330404156,162,161,1,1
grid,static,21,0.125,0.118895823979384,0.928812871518553,7.66431330404156,162,161,1,1
grid,static,22,0.125,0.118895823979384,0.928812871518553,7.66431330404156,162,161,1,1
grid,static,23,0.375,0.98388448202594,0.924375508312558,8.18114402722478,162,161,1,1
grid,static,24,0.375,0.98388448202594,0.924375508312558,8.18114402722478,162,161,1,1
grid,static,25,0,0,0.92942613572374,7.59327304921377,162,161,1,1
grid,static,26,0.375,0.98388448202594,0.924375508312558,8.18114402722478,162,161,1,1
grid,static,27,0,0,0.92942613572374,7.59327304921377,162,161,1,1
grid,static,28,0.125,0.118895823979384,0.928812871518553,7.66431330404156,162,161,1,1
grid,static,29,0.25,0.460854083581992,0.927053554691932,7.86863336415434,162,161,1,1
grid,static,30,0,0,0.92942613572374,7.59327304921377,162,161,1,1
esc,static,11,0.416968859887044,1.85288560216523,0.964333369029908,3.69857894744132,105,400,1,1
esc,static,12,0.107502897692261,1.65806820017488,0.97656870079526,2.39934980361948,41,400,1,1
esc,static,13,0.368260963630547,2.30517756257811,0.958822689365213,4.29456990239229,138,400,1,1
esc,static,14,0.980141881768458,1.74972037575186,0.966528476610576,3.46306644857497,110,400,1,1
esc,static,15,0.998177087873248,1.45945537694108,0.96335161331123,3.80425860946056,119,400,1,1
esc,static,16,0.811320209010647,1.67942896888419,0.967856896886959,3.32105946823615,82,400,1,1
esc,static,17,0.241712939052444,1.83686648314375,0.968147078066198,3.29009121190824,89,400,1,1
esc,static,18,0.601724722681895,2.28195666325974,0.974440753705443,2.62296565464489,44,400,1,1
esc,static,19,0.109817216653067,2.11082789601501,0.972660684529002,2.81077624559654,47,400,1,1
esc,static,20,0.431384089407953,2.35582069038511,0.972288898916211,2.85008921881941,61,400,1,1
esc,static,21,1.20618562891285,1.97025948891591,0.965405977026523,3.58336531953401,103,400,1,1
esc,static,22,0.31761269878188,1.44265224748546,0.975564254183175,2.50478076785263,50,400,1,1
esc,static,23,0.00499966987281653,1.55689743762732,0.931917721064814,7.30561050576387,298,400,1,1
esc,static,24,0.559497068554795,2.22147622754913,0.963273738554354,3.81265054529187,122,400,1,1
esc,static,25,1.06541541288492,1.20524337090251,0.952512194952628,4.98553250016224,170,400,1,1
esc,static,26,0.229112310254289,1.44095195017707,0.971052874831694,2.98100401312577,77,400,1,1
esc,static,27,0.413592047512322,1.4220221170403,0.972554981643718,2.82195031379073,62,400,1,1
esc,static,28,0.196630062836817,1.76344573516333,0.972217072679366,2.85768766064414,68,400,1,1
esc,static,29,1.44875261325386,1.7787558744215,0.970187865162793,3.07282083271621,58,400,1,1
esc,static,30,0.0945272353925324,2.09577324312741,0.960458569842751,4.11693241112141,133,400,1,1
fixed,static,11,0,0,1,0,1,0,1,1
fixed,static,12,0,0,1,0,1,0,1,1
fixed,static,13,0,0,1,0,1,0,1,1
fixed,static,14,0,0,1,0,1,0,1,1
fixed,static,15,0,0,1,0,1,0,1,1
fixed,static,16,0,0,1,0,1,0,1,1
fixed,static,17,0,0,1,0,1,0,1,1
fixed,static,18,0,0,1,0,1,0,1,1
fixed,static,19,0,0,1,0,1,0,1,1
fixed,static,20,0,0,1,0,1,0,1,1
fixed,static,21,0,0,1,0,1,0,1,1
fixed,static,22,0,0,1,0,1,0,1,1
fixed,static,23,0,0,1,0,1,0,1,1
fixed,static,24,0,0,1,0,1,0,1,1
fixed,static,25,0,0,1,0,1,0,1,1
fixed,static,26,0,0,1,0,1,0,1,1
fixed,static,27,0,0,1,0,1,0,1,1
fixed,static,28,0,0,1,0,1,0,1,1
fixed,static,29,0,0,1,0,1,0,1,1
fixed,static,30,0,0,1,0,1,0,1,1
single_golden,static,11,3.41702898900177,9.52962072660157,0.913031350829123,9.52526428494495,NaN,10,1,1
single_golden,static,12,3.79574275274956,8.5303935134138,0.92135337516999,8.53598922514394,NaN,11,1,1
single_golden,static,13,3.46524758424985,9.39663878108878,0.914121434773001,9.39465611024921,NaN,10,1,1
single_golden,static,14,3.96892744570928,8.37767138522944,0.922638244044833,8.38484167055706,NaN,9,1,1
single_golden,static,15,3.46524758424985,9.39663878108878,0.91410626105315,9.39647200839545,NaN,8,1,1
single_golden,static,16,3.95800010738191,8.37770888233605,0.922642349904103,8.38435934616893,NaN,7,1,1
single_golden,static,17,4.18643486760574,8.66187609031199,0.920249626558067,8.6661674333101,NaN,9,1,1
single_golden,static,18,3.87318551747303,8.42343607734179,0.922251790692838,8.43025842744684,NaN,8,1,1
single_golden,static,19,4,8.38509316770188,0.922576829893078,8.39205663943402,NaN,8,1,1
single_golden,static,20,4.20425724725044,8.70800847482973,0.919872463153825,8.71072241595905,NaN,9,1,1
single_golden,static,21,3.92721686407102,8.38511845158499,0.922577761204853,8.39194722123326,NaN,7,1,1
single_golden,static,22,4.01,8.38986582351389,0.922531231681541,8.39741416420702,NaN,9,1,1
single_golden,static,23,3.95108783296256,8.37843801721505,0.922632257124757,8.38554497502051,NaN,9,1,1
single_golden,static,24,4.45673308974897,9.62295658620707,0.912203355496299,9.62467896820374,NaN,11,1,1
single_golden,static,25,2.95930653502728,9.74685140070796,0.911221195492404,9.74283795710235,NaN,9,1,1
single_golden,static,26,4.01895478306603,8.39512818795649,0.922489059888715,8.40236957613735,NaN,8,1,1
single_golden,static,27,3.98521538461124,8.38016730683479,0.92261880070829,8.38712578069137,NaN,9,1,1
single_golden,static,28,4.08193921633845,8.45846610978572,0.92195177396337,8.46554323564123,NaN,9,1,1
single_golden,static,29,3.13475241575015,9.95880108881398,0.909484974499087,9.95233874542737,NaN,10,1,1
single_golden,static,30,3.71941330820485,8.68702200816116,0.92003752864554,8.69121844107592,NaN,6,1,1
ea_multistart,jumpUp,11,0.107991141288261,0.0889768964621339,0.945905263043076,5.71883243179087,79,208,1,1
tracker,jumpUp,11,6.03961325396085e-14,0.0125000000000005,0.999207589567821,0.079303884443263,10,77,1,1
ea_multistart,jumpUp,12,0.100390921319665,0.0769752651743396,0.947743148328954,5.51382004324535,79,208,1,1
tracker,jumpUp,12,6.03961325396085e-14,0.0125000000000005,0.999207589567821,0.079303884443263,10,77,1,1
ea_multistart,jumpUp,13,0.0671213138672986,0.0345387342095765,0.94777485192842,5.51029054688661,79,208,1,1
tracker,jumpUp,13,6.03961325396085e-14,0.0125000000000005,0.999207589567821,0.079303884443263,10,77,1,1
ea_multistart,jumpUp,14,0.0536303493483068,0.0220740085030233,0.947443016830522,5.54724476679313,79,208,1,1
tracker,jumpUp,14,6.03961325396085e-14,0.0125000000000005,0.999207589567821,0.079303884443263,10,77,1,1
ea_multistart,jumpUp,15,0.142767506426333,0.154603483024791,0.94769977814861,5.51864873848144,79,208,1,1
tracker,jumpUp,15,6.03961325396085e-14,0.0125000000000005,0.999207589567821,0.079303884443263,10,77,1,1
ea_multistart,jumpUp,16,0.0382181856794634,0.0112205032064373,0.94761223649799,5.52839668846137,79,208,1,1
tracker,jumpUp,16,6.03961325396085e-14,0.0125000000000005,0.999207589567821,0.079303884443263,10,77,1,1
ea_multistart,jumpUp,17,0.0455063043136938,0.0159014832397251,0.947378237569572,5.55446181299512,79,208,1,1
tracker,jumpUp,17,6.03961325396085e-14,0.0125000000000005,0.999207589567821,0.079303884443263,10,77,1,1
ea_multistart,jumpUp,18,0.0374699477852083,0.0107858622678761,0.946754412760118,5.62401257625539,79,208,1,1
tracker,jumpUp,18,6.03961325396085e-14,0.0125000000000005,0.999207589567821,0.079303884443263,10,77,1,1
ea_multistart,jumpUp,19,0.1667457791717,0.209849397380442,0.946562812835078,5.6453926184645,79,208,1,1
tracker,jumpUp,19,6.03961325396085e-14,0.0125000000000005,0.999207589567821,0.079303884443263,10,77,1,1
ea_multistart,jumpUp,20,0.332290946237517,0.788386426804257,0.944505049055797,5.87555895012735,79,208,1,1
tracker,jumpUp,20,6.03961325396085e-14,0.0125000000000005,0.999207589567821,0.079303884443263,10,77,1,1
ea_multistart,jumpDown,11,0.107991141288263,0.0889768964621339,0.939585737546829,6.42988287699079,79,208,1,1
tracker,jumpDown,11,9.41469124882133e-14,0.0125000000000005,0.999435212308609,0.0565106856787594,9,76,1,1
ea_multistart,jumpDown,12,0.100390921319666,0.076975265174351,0.936844977474054,6.74124578179696,79,208,1,1
tracker,jumpDown,12,9.41469124882133e-14,0.0125000000000005,0.999435212308609,0.0565106856787594,9,76,1,1
ea_multistart,jumpDown,13,0.0671213138672995,0.0345387342095765,0.937560523842176,6.65978084294155,79,208,1,1
tracker,jumpDown,13,9.41469124882133e-14,0.0125000000000005,0.999435212308609,0.0565106856787594,9,76,1,1
ea_multistart,jumpDown,14,0.226352608301227,0.380661671505139,0.935553510571184,6.88859468759507,79,208,1,1
tracker,jumpDown,14,9.41469124882133e-14,0.0125000000000005,0.999435212308609,0.0565106856787594,9,76,1,1
ea_multistart,jumpDown,15,0.142767506426333,0.154603483024791,0.939236997954403,6.46940039392984,79,208,1,1
tracker,jumpDown,15,9.41469124882133e-14,0.0125000000000005,0.999435212308609,0.0565106856787594,9,76,1,1
ea_multistart,jumpDown,16,0.0382181856794643,0.0112205032064373,0.939003440080621,6.49588247665443,79,208,1,1
tracker,jumpDown,16,9.41469124882133e-14,0.0125000000000005,0.999435212308609,0.0565106856787594,9,76,1,1
ea_multistart,jumpDown,17,0.138612848040168,0.145850558880221,0.938204312908875,6.58659166674792,79,208,1,1
tracker,jumpDown,17,9.41469124882133e-14,0.0125000000000005,0.999435212308609,0.0565106856787594,9,76,1,1
ea_multistart,jumpDown,18,0.00893684539204864,0.000614105213839826,0.939645567276558,6.42310620358392,79,208,1,1
tracker,jumpDown,18,9.41469124882133e-14,0.0125000000000005,0.999435212308609,0.0565106856787594,9,76,1,1
ea_multistart,jumpDown,19,0.1667457791717,0.209849397380442,0.935725859228033,6.86890718452437,79,208,1,1
tracker,jumpDown,19,9.41469124882133e-14,0.0125000000000005,0.999435212308609,0.0565106856787594,9,76,1,1
ea_multistart,jumpDown,20,0.0498385981321423,0.0190680308249904,0.939769252492661,6.40909961116325,79,208,1,1
tracker,jumpDown,20,9.41469124882133e-14,0.0125000000000005,0.999435212308609,0.0565106856787594,9,76,1,1
ea_multistart,ramp,11,0.0463150808475676,0.0164709150913505,0.947680763059152,5.52076595624448,97,208,1,1
tracker,ramp,11,2.66453525910038e-15,0.0125000000000005,0.999609861491208,0.0390290776253437,0,118,1,1
ea_multistart,ramp,12,0.16302353042894,0.200750347219513,0.947841513797843,5.50286998858777,89,208,1,1
tracker,ramp,12,2.66453525910038e-15,0.0125000000000005,0.999609861491208,0.0390290776253437,0,118,1,1
ea_multistart,ramp,13,0.223192948246678,0.370461613954259,0.948271537850111,5.45502633846478,79,208,1,1
tracker,ramp,13,2.66453525910038e-15,0.0125000000000005,0.999609861491208,0.0390290776253437,0,118,1,1
ea_multistart,ramp,14,0.108145571673032,0.0892295597316675,0.947133549718566,5.58173135110068,91,208,1,1
tracker,ramp,14,2.66453525910038e-15,0.0125000000000005,0.999609861491208,0.0390290776253437,0,118,1,1
ea_multistart,ramp,15,0.0040210257841764,0.000124327316695729,0.946457884583995,5.65710490536399,102,208,1,1
tracker,ramp,15,2.66453525910038e-15,0.0125000000000005,0.999609861491208,0.0390290776253437,0,118,1,1
ea_multistart,ramp,16,0.0382181856794643,0.0112205032064373,0.947065073978516,5.58936523750266,79,208,1,1
tracker,ramp,16,2.66453525910038e-15,0.0125000000000005,0.999609861491208,0.0390290776253437,0,118,1,1
ea_multistart,ramp,17,0.343806810307405,0.885233418094712,0.929604253137102,7.57265757179313,55,299,1,1
tracker,ramp,17,2.66453525910038e-15,0.0125000000000005,0.999609861491208,0.0390290776253437,0,118,1,1
ea_multistart,ramp,18,1.68536244803703,4.15790131541343,0.942077037219391,6.1484316560324,NaN,117,1,1
tracker,ramp,18,2.66453525910038e-15,0.0125000000000005,0.999609861491208,0.0390290776253437,0,118,1,1
ea_multistart,ramp,19,0.13443058256236,0.137287178239685,0.948446852436276,5.43553362334425,55,208,1,1
tracker,ramp,19,2.66453525910038e-15,0.0125000000000005,0.999609861491208,0.0390290776253437,0,118,1,1
ea_multistart,ramp,20,0.171881697595414,0.222715521370596,0.948721026119646,5.40506349796946,0,208,1,1
tracker,ramp,20,2.66453525910038e-15,0.0125000000000005,0.999609861491208,0.0390290776253437,0,118,1,1
ea_multistart,offset,11,0.0780330966835985,0.0443368997144753,0.949542881848951,5.31383248882864,0,208,1,1
tracker,offset,11,4.44089209850063e-15,0.0119047619047624,0.999733501442587,0.0266569597826355,0,70,1,1
ea_multistart,offset,12,0.100798792640028,0.0737789534464271,0.949666345838454,5.30014087390938,0,208,1,1
tracker,offset,12,4.44089209850063e-15,0.0119047619047624,0.999733501442587,0.0266569597826355,0,70,1,1
ea_multistart,offset,13,0.161059199686141,0.186378457191118,0.948898180805634,5.38538488407467,0,208,1,1
tracker,offset,13,4.44089209850063e-15,0.0119047619047624,0.999733501442587,0.0266569597826355,0,70,1,1
ea_multistart,offset,14,0.0393882928155644,0.0113308761192433,0.949538162217832,5.31435594587417,0,208,1,1
tracker,offset,14,4.44089209850063e-15,0.0119047619047624,0.999733501442587,0.0266569597826355,0,70,1,1
ea_multistart,offset,15,0.0808759999948059,0.0476118863203748,0.950313188060581,5.22846705314282,0,208,1,1
tracker,offset,15,4.44089209850063e-15,0.0119047619047624,0.999733501442587,0.0266569597826355,0,70,1,1
ea_multistart,offset,16,0.00728304333474927,0.000387785274342258,0.949817562827817,5.2833764226025,0,208,1,1
tracker,offset,16,4.44089209850063e-15,0.0119047619047624,0.999733501442587,0.0266569597826355,0,70,1,1
ea_multistart,offset,17,0.0474780051297925,0.0164554383261086,0.950776291449456,5.17721245189054,0,208,1,1
tracker,offset,17,4.44089209850063e-15,0.0119047619047624,0.999733501442587,0.0266569597826355,0,70,1,1
ea_multistart,offset,18,0.149173215327725,0.16028053276444,0.949330392659432,5.33740494693559,0,208,1,1
tracker,offset,18,4.44089209850063e-15,0.0119047619047624,0.999733501442587,0.0266569597826355,0,70,1,1
ea_multistart,offset,19,0.120460038256662,0.105060780435128,0.948854965486426,5.39018463030913,0,208,1,1
tracker,offset,19,4.44089209850063e-15,0.0119047619047624,0.999733501442587,0.0266569597826355,0,70,1,1
ea_multistart,offset,20,0.136656295006129,0.13483440945373,0.949313862296005,5.33923918285627,0,208,1,1
tracker,offset,20,4.44089209850063e-15,0.0119047619047624,0.999733501442587,0.0266569597826355,0,70,1,1
ea_multistart,static,11,0.196247104651738,0.288591515125703,NaN,NaN,82,NaN,1,0
ea_multistart,static,12,0.296902724608088,0.638894208292114,NaN,NaN,82,NaN,1,0
ea_multistart,static,13,0.0475311616744118,0.574512071919644,NaN,NaN,82,NaN,1,0
ea_multistart,static,14,0.236637430589733,0.414711994058703,NaN,NaN,82,NaN,1,0
ea_multistart,static,15,0.0355405688990809,0.0097046184897781,NaN,NaN,82,NaN,1,0
