Algorithm,Seed,EnergyOn,FinalError,HitsGlobal,SteadyRegretPercent,EnergyExcessPercent,EvalsToEps,ScanSteps,RefineSteps
single_golden,11,1,4.48653382050206,0,9.7504838301619,9.73458321029878,NaN,0,52
single_golden,11,0,4.48653382050206,0,9.7504838301619,NaN,NaN,0,52
single_golden,12,1,3.76594202199647,0,8.58612956458009,8.61063014941934,NaN,0,52
single_golden,12,0,3.76594202199647,0,8.58612956458009,NaN,NaN,0,52
single_golden,13,1,3.41702898900177,0,9.52962072660157,9.52295665463374,NaN,0,52
single_golden,13,0,3.41702898900177,0,9.52962072660157,NaN,NaN,0,52
single_golden,14,1,3.92198067399882,0,8.38743852098027,8.41545100905358,NaN,0,52
single_golden,14,0,3.92198067399882,0,8.38743852098027,NaN,NaN,0,52
single_golden,15,1,4.3391909045421,0,9.14754335010465,9.15580207625621,NaN,0,52
single_golden,15,0,4.3391909045421,0,9.14754335010465,NaN,NaN,0,52
single_golden,16,1,3.91660641356742,0,8.39013605161379,8.41785817249279,NaN,0,52
single_golden,16,0,3.91660641356742,0,8.39013605161379,NaN,NaN,0,52
single_golden,17,1,3.66950483150029,0,8.8109988624276,8.82366073351734,NaN,0,52
single_golden,17,0,3.66950483150029,0,8.8109988624276,NaN,NaN,0,52
single_golden,18,1,3.93067641004122,0,8.38375323690476,8.41215373294009,NaN,0,52
single_golden,18,0,3.93067641004122,0,8.38375323690476,NaN,NaN,0,52
single_golden,19,1,3.93067641004122,0,8.38375323690476,8.41215373294009,NaN,0,52
single_golden,19,0,3.93067641004122,0,8.38375323690476,NaN,NaN,0,52
single_golden,20,1,4.09208932247497,0,8.4729475889414,8.50682424702731,NaN,0,52
single_golden,20,0,4.09208932247497,0,8.4729475889414,NaN,NaN,0,52
single_golden,21,1,3.66950483150029,0,8.8109988624276,8.82366073351734,NaN,0,52
single_golden,21,0,3.66950483150029,0,8.8109988624276,NaN,NaN,0,52
single_golden,22,1,4.3391909045421,0,9.14754335010465,9.15580207625621,NaN,0,52
single_golden,22,0,4.3391909045421,0,9.14754335010465,NaN,NaN,0,52
single_golden,23,1,4.23405797800353,0,8.79195423170809,8.820570760188,NaN,0,52
single_golden,23,0,4.23405797800353,0,8.79195423170809,NaN,NaN,0,52
single_golden,24,1,4.06932358995878,0,8.44210743878287,8.47767904332694,NaN,0,52
single_golden,24,0,4.06932358995878,0,8.44210743878287,NaN,NaN,0,52
single_golden,25,1,4.07469785039018,0,8.44885314512219,8.48382171689355,NaN,0,52
single_golden,25,0,4.07469785039018,0,8.44885314512219,NaN,NaN,0,52
single_golden,26,1,4.09208932247497,0,8.4729475889414,8.50556316368545,NaN,0,52
single_golden,26,0,4.09208932247497,0,8.4729475889414,NaN,NaN,0,52
single_golden,27,1,4.07801932600118,0,8.45318791856362,8.4784418738262,NaN,0,52
single_golden,27,0,4.07801932600118,0,8.45318791856362,NaN,NaN,0,52
single_golden,28,1,4.05525359348498,0,8.42602265588262,8.45354451823754,NaN,0,52
single_golden,28,0,4.05525359348498,0,8.42602265588262,NaN,NaN,0,52
single_golden,29,1,3.92198067399882,0,8.38743852098027,8.41545100905358,NaN,0,52
single_golden,29,0,3.92198067399882,0,8.38743852098027,NaN,NaN,0,52
single_golden,30,1,4.11817653060216,0,8.51550183116433,8.53594695259651,NaN,0,52
single_golden,30,0,4.11817653060216,0,8.51550183116433,NaN,NaN,0,52
esc,11,1,0.416968859887044,0,1.85288560216523,3.69857894744116,105,0,0
esc,11,0,0.416968859887044,0,1.85288560216523,NaN,105,0,0
esc,12,1,0.107502897692261,1,1.65806820017488,2.39934980361932,41,0,0
esc,12,0,0.107502897692261,1,1.65806820017488,NaN,41,0,0
esc,13,1,0.368260963630547,0,2.30517756257811,4.29456990239211,138,0,0
esc,13,0,0.368260963630547,0,2.30517756257811,NaN,138,0,0
esc,14,1,0.980141881768458,0,1.74972037575186,3.46306644857479,110,0,0
esc,14,0,0.980141881768458,0,1.74972037575186,NaN,110,0,0
esc,15,1,0.998177087873248,0,1.45945537694108,3.80425860946044,119,0,0
esc,15,0,0.998177087873248,0,1.45945537694108,NaN,119,0,0
esc,16,1,0.811320209010647,0,1.67942896888419,3.32105946823601,82,0,0
esc,16,0,0.811320209010647,0,1.67942896888419,NaN,82,0,0
esc,17,1,0.241712939052444,1,1.83686648314375,3.29009121190811,89,0,0
esc,17,0,0.241712939052444,1,1.83686648314375,NaN,89,0,0
esc,18,1,0.601724722681895,0,2.28195666325974,2.62296565464474,44,0,0
esc,18,0,0.601724722681895,0,2.28195666325974,NaN,44,0,0
esc,19,1,0.109817216653067,1,2.11082789601501,2.81077624559638,48,0,0
esc,19,0,0.109817216653067,1,2.11082789601501,NaN,48,0,0
esc,20,1,0.431384089407953,0,2.35582069038511,2.85008921881927,61,0,0
esc,20,0,0.431384089407953,0,2.35582069038511,NaN,61,0,0
esc,21,1,1.20618562891285,0,1.97025948891591,3.58336531953387,103,0,0
esc,21,0,1.20618562891285,0,1.97025948891591,NaN,103,0,0
esc,22,1,0.31761269878188,1,1.44265224748546,2.50478076785248,50,0,0
esc,22,0,0.31761269878188,1,1.44265224748546,NaN,50,0,0
esc,23,1,0.00499966987281653,1,1.55689743762732,7.3056105057637,298,0,0
esc,23,0,0.00499966987281653,1,1.55689743762732,NaN,298,0,0
esc,24,1,0.559497068554795,0,2.22147622754913,3.81265054529171,122,0,0
esc,24,0,0.559497068554795,0,2.22147622754913,NaN,122,0,0
esc,25,1,1.06541541288492,0,1.20524337090251,4.9855325001621,170,0,0
esc,25,0,1.06541541288492,0,1.20524337090251,NaN,170,0,0
esc,26,1,0.229112310254289,1,1.44095195017707,2.98100401312562,77,0,0
esc,26,0,0.229112310254289,1,1.44095195017707,NaN,77,0,0
esc,27,1,0.413592047512322,0,1.4220221170403,2.82195031379058,62,0,0
esc,27,0,0.413592047512322,0,1.4220221170403,NaN,62,0,0
esc,28,1,0.196630062836817,1,1.76344573516333,2.85768766064398,68,0,0
esc,28,0,0.196630062836817,1,1.76344573516333,NaN,68,0,0
esc,29,1,1.44875261325386,0,1.7787558744215,3.07282083271606,58,0,0
esc,29,0,1.44875261325386,0,1.7787558744215,NaN,58,0,0
esc,30,1,0.0945272353925324,1,2.09577324312741,4.11693241112127,134,0,0
esc,30,0,0.0945272353925324,1,2.09577324312741,NaN,134,0,0
grid,11,1,0.75,0,2.96236358055224,9.36328528859377,NaN,161,0
grid,11,0,0.75,0,2.96236358055224,NaN,NaN,161,0
grid,12,1,0,1,0,7.59327304921383,162,161,0
grid,12,0,0,1,0,NaN,162,161,0
grid,13,1,0.25,1,0.460854083581992,7.86863336415406,162,161,0
grid,13,0,0.25,1,0.460854083581992,NaN,162,161,0
grid,14,1,0.125,1,0.118895823979384,7.6643133040415,162,161,0
grid,14,0,0.125,1,0.118895823979384,NaN,162,161,0
grid,15,1,0.25,1,0.460854083581992,7.86863336415406,162,161,0
grid,15,0,0.25,1,0.460854083581992,NaN,162,161,0
grid,16,1,0.125,1,0.118895823979384,7.6643133040415,162,161,0
grid,16,0,0.125,1,0.118895823979384,NaN,162,161,0
grid,17,1,0.25,1,0.460854083581992,7.86863336415406,162,161,0
grid,17,0,0.25,1,0.460854083581992,NaN,162,161,0
grid,18,1,0.125,1,0.118895823979384,7.6643133040415,162,161,0
grid,18,0,0.125,1,0.118895823979384,NaN,162,161,0
grid,19,1,0.375,0,0.98388448202594,8.18114402722435,NaN,161,0
grid,19,0,0.375,0,0.98388448202594,NaN,NaN,161,0
grid,20,1,0.125,1,0.118895823979384,7.6643133040415,162,161,0
grid,20,0,0.125,1,0.118895823979384,NaN,162,161,0
grid,21,1,0.125,1,0.118895823979384,7.6643133040415,162,161,0
grid,21,0,0.125,1,0.118895823979384,NaN,162,161,0
grid,22,1,0.125,1,0.118895823979384,7.6643133040415,162,161,0
grid,22,0,0.125,1,0.118895823979384,NaN,162,161,0
grid,23,1,0.375,0,0.98388448202594,8.18114402722435,NaN,161,0
grid,23,0,0.375,0,0.98388448202594,NaN,NaN,161,0
grid,24,1,0.375,0,0.98388448202594,8.18114402722435,NaN,161,0
grid,24,0,0.375,0,0.98388448202594,NaN,NaN,161,0
grid,25,1,0,1,0,7.59327304921383,162,161,0
grid,25,0,0,1,0,NaN,162,161,0
grid,26,1,0.375,0,0.98388448202594,8.18114402722435,NaN,161,0
grid,26,0,0.375,0,0.98388448202594,NaN,NaN,161,0
grid,27,1,0,1,0,7.59327304921383,162,161,0
grid,27,0,0,1,0,NaN,162,161,0
grid,28,1,0.125,1,0.118895823979384,7.6643133040415,162,161,0
grid,28,0,0.125,1,0.118895823979384,NaN,162,161,0
grid,29,1,0.25,1,0.460854083581992,7.86863336415406,162,161,0
grid,29,0,0.25,1,0.460854083581992,NaN,162,161,0
grid,30,1,0,1,0,7.59327304921383,162,161,0
grid,30,0,0,1,0,NaN,162,161,0
filter_argmin,11,1,0,1,0,2.90729997875969,62,61,0
filter_argmin,11,0,0,1,0,NaN,62,61,0
filter_argmin,12,1,0.333333333333333,1,0.79297056687819,3.57934253418898,62,61,0
filter_argmin,12,0,0.333333333333333,1,0.79297056687819,NaN,62,61,0
filter_argmin,13,1,0,1,0,2.90729997875969,62,61,0
filter_argmin,13,0,0,1,0,NaN,62,61,0
filter_argmin,14,1,0,1,0,2.90729997875969,62,61,0
filter_argmin,14,0,0,1,0,NaN,62,61,0
filter_argmin,15,1,0.333333333333333,1,0.79297056687819,3.57934253418898,62,61,0
filter_argmin,15,0,0.333333333333333,1,0.79297056687819,NaN,62,61,0
filter_argmin,16,1,0,1,0,2.90729997875969,62,61,0
filter_argmin,16,0,0,1,0,NaN,62,61,0
filter_argmin,17,1,0,1,0,2.90729997875969,62,61,0
filter_argmin,17,0,0,1,0,NaN,62,61,0
filter_argmin,18,1,0,1,0,2.90729997875969,62,61,0
filter_argmin,18,0,0,1,0,NaN,62,61,0
filter_argmin,19,1,0,1,0,2.90729997875969,62,61,0
filter_argmin,19,0,0,1,0,NaN,62,61,0
filter_argmin,20,1,0.333333333333333,1,0.79297056687819,3.57934253418898,62,61,0
filter_argmin,20,0,0.333333333333333,1,0.79297056687819,NaN,62,61,0
filter_argmin,21,1,0,1,0,2.90729997875969,62,61,0
filter_argmin,21,0,0,1,0,NaN,62,61,0
filter_argmin,22,1,0,1,0,2.90729997875969,62,61,0
filter_argmin,22,0,0,1,0,NaN,62,61,0
filter_argmin,23,1,0,1,0,2.90729997875969,62,61,0
filter_argmin,23,0,0,1,0,NaN,62,61,0
filter_argmin,24,1,0,1,0,2.90729997875969,62,61,0
filter_argmin,24,0,0,1,0,NaN,62,61,0
filter_argmin,25,1,0,1,0,2.90729997875969,62,61,0
filter_argmin,25,0,0,1,0,NaN,62,61,0
filter_argmin,26,1,0,1,0,2.90729997875969,62,61,0
filter_argmin,26,0,0,1,0,NaN,62,61,0
filter_argmin,27,1,0,1,0,2.90729997875969,62,61,0
filter_argmin,27,0,0,1,0,NaN,62,61,0
filter_argmin,28,1,0,1,0,2.90729997875969,62,61,0
filter_argmin,28,0,0,1,0,NaN,62,61,0
filter_argmin,29,1,0,1,0,2.90729997875969,62,61,0
filter_argmin,29,0,0,1,0,NaN,62,61,0
filter_argmin,30,1,0,1,0,2.90729997875969,62,61,0
filter_argmin,30,0,0,1,0,NaN,62,61,0
multistart,11,1,0.172874851673628,1,0.225244957018362,4.62227312011647,19,61,112
multistart,11,0,0.172874851673628,1,0.225244957018362,NaN,19,61,112
multistart,12,1,0.197712996567986,1,0.292805444672931,5.16300975373785,19,61,112
multistart,12,0,0.197712996567986,1,0.292805444672931,NaN,19,61,112
multistart,13,1,0.172178830573875,1,0.22347087602352,4.90061739058153,19,61,140
multistart,13,0,0.172178830573875,1,0.22347087602352,NaN,19,61,140
multistart,14,1,0.0485882851068933,1,0.0181247986671634,4.49011236388626,19,61,112
multistart,14,0,0.0485882851068933,1,0.0181247986671634,NaN,19,61,112
multistart,15,1,0.0959267174492595,1,0.0703228973538301,4.5387385848349,19,61,112
multistart,15,0,0.0959267174492595,1,0.0703228973538301,NaN,19,61,112
multistart,16,1,0.0668840077604731,1,0.0342956752354442,5.25601707725379,19,61,140
multistart,16,0,0.0668840077604731,1,0.0342956752354442,NaN,19,61,140
multistart,17,1,0.104229225148118,1,0.0829301710111443,4.84777608037549,19,61,140
multistart,17,0,0.104229225148118,1,0.0829301710111443,NaN,19,61,140
multistart,18,1,0.0816554374971492,1,0.0510417981243854,4.22157495836495,19,61,84
multistart,18,0,0.0816554374971492,1,0.0510417981243854,NaN,19,61,84
multistart,19,1,0.0287013432739842,1,0.00633085127437591,5.28857799926229,20,61,140
multistart,19,0,0.0287013432739842,1,0.00633085127437591,NaN,20,61,140
multistart,20,1,0.180778073176294,1,0.245848972733723,5.38556125273237,19,61,140
multistart,20,0,0.180778073176294,1,0.245848972733723,NaN,19,61,140
multistart,21,1,0.0937944684251786,1,0.0672496255401205,5.30706705967034,19,61,140
multistart,21,0,0.0937944684251786,1,0.0672496255401205,NaN,19,61,140
multistart,22,1,0.0785828510641053,1,0.0472884092943705,6.5561031031242,19,61,112
multistart,22,0,0.0785828510641053,1,0.0472884092943705,NaN,19,61,112
multistart,23,1,0.0130680358639603,1,0.00131301128310181,5.26334118164996,19,61,140
multistart,23,0,0.0130680358639603,1,0.00131301128310181,NaN,19,61,140
multistart,24,1,0.232856323641978,1,0.402043843254127,5.17762474124448,19,61,112
multistart,24,0,0.232856323641978,1,0.402043843254127,NaN,19,61,112
multistart,25,1,0.173517823652114,1,0.226889664981639,6.65246764854985,19,61,112
multistart,25,0,0.173517823652114,1,0.226889664981639,NaN,19,61,112
multistart,26,1,0.209229485624077,1,0.326880012471116,5.14754931125612,19,61,112
multistart,26,0,0.209229485624077,1,0.326880012471116,NaN,19,61,112
multistart,27,1,0.19916656202801,1,0.297011599269555,5.93056129205687,19,61,140
multistart,27,0,0.19916656202801,1,0.297011599269555,NaN,19,61,140
multistart,28,1,0.20392847938243,1,0.310983105908271,5.49366711498834,19,61,140
multistart,28,0,0.20392847938243,1,0.310983105908271,NaN,19,61,140
multistart,29,1,0.297522745531195,1,0.641406547805422,5.5607374432974,19,61,140
multistart,29,0,0.297522745531195,1,0.641406547805422,NaN,19,61,140
multistart,30,1,0.0175965320801934,1,0.00238046365852382,5.25682452101999,20,61,140
multistart,30,0,0.0175965320801934,1,0.00238046365852382,NaN,20,61,140
multistart(2%噪声),11,1,0.0783874373088977,1,0.0470544833469747,7.0448514664231,19,61,140
multistart(2%噪声),12,1,0.118387902387675,1,0.106765278812087,7.46373885905004,20,61,140
multistart(2%噪声),13,1,0.158001973999286,1,0.18877760806131,4.913870181941,19,61,140
multistart(2%噪声),14,1,0.284178511232954,1,0.588220753740555,7.71148939103118,19,61,140
multistart(2%噪声),15,1,0.0990731047465916,1,0.0749808612622137,5.36818078076756,19,61,140
multistart(2%噪声),16,1,0.0718753506048575,1,0.0395870391848483,4.8022764453139,19,61,140
multistart(2%噪声),17,1,0.100034407222288,1,0.0764331807421547,4.86055830672163,19,61,140
multistart(2%噪声),18,1,0.38765476841442,0,1.04460658482074,7.53245828462862,20,61,140
multistart(2%噪声),19,1,0.0264619736995506,1,0.00538193075435679,5.2882482493816,89,61,140
multistart(2%噪声),20,1,0.496906411964472,0,1.60828466279914,5.94040452188019,NaN,61,140
