Var1,Var2,Var3,Var4
0,614.978708716755,1.0125580277247,0.20827771206998
0.05,612.534955997233,1.01255802773033,0.208277712061299
0.1,610.108788499154,1.01255802781481,0.208277711931093
0.15,607.700340390732,1.01255802818088,0.208277711366868
0.2,605.309743410297,1.01255802916647,0.208277709847798
0.25,602.937126868179,1.01255803124465,0.208277706644732
0.3,600.582617650609,1.01255803502366,0.208277700820186
0.35,598.246340225649,1.01255804124694,0.208277691228347
0.4,595.928416651114,1.01255805079304,0.208277676515076
0.45,593.628966584486,1.01255806467572,0.208277655117899
0.5,591.34810729478,1.01255808404389,0.208277625266018
0.55,589.085953676346,1.01255811018163,0.208277584980302
0.6,586.842618264576,1.01255814450817,0.208277532073294
0.65,584.618211253493,1.01255818857793,0.208277464149208
0.7,582.412840515156,1.01255824408047,0.20827737860393
0.75,580.226611620895,1.01255831284054,0.208277272625018
0.8,578.05962786428,1.01255839681802,0.208277143191706
0.85,575.911990285816,1.01255849810798,0.208276987074898
0.9,573.783797699315,1.01255861894064,0.20827680083718
0.95,571.675146719876,1.01255876168138,0.208276580832809
1,569.586131793444,1.01255892883074,0.208276323207725
1.05,567.51684522789,1.01255912302442,0.208276023899548
1.1,565.467377225552,1.01255934703326,0.20827567863758
1.15,563.43781591718,1.01255960376327,0.208275282942812
1.2,561.428247397238,1.01255989625558,0.20827483212792
1.25,559.438755760491,1.0125602276865,0.208274321297278
1.3,557.469423139823,1.01256060136745,0.208273745346952
1.35,555.520329745224,1.01256102074501,0.208273098964714
1.4,553.591553903879,1.01256148940087,0.20827237663004
1.45,551.683172101294,1.01256201105185,0.208271572614122
1.5,549.795259023412,1.0125625895499,0.208270680979869
1.55,547.927887599626,1.01256322888208,0.208269695581919
1.6,546.081129046637,1.01256393317053,0.208268610066644
1.65,544.255052913109,1.01256470667252,0.208267417872162
1.7,542.449727125024,1.01256555378038,0.208266112228345
1.75,540.665218031686,1.01256647902152,0.208264686156829
1.8,538.901590452325,1.01256748705841,0.208263132471029
1.85,537.158907723197,1.01256858268859,0.20826144377615
1.9,535.437231745163,1.01256977084461,0.208259612469203
1.95,533.736623031646,1.01257105659405,0.208257630739018
2,532.057140756916,1.01257244513951,0.208255490566263
2.05,530.398842804653,1.01257394181855,0.208253183723461
2.1,528.761785816707,1.01257555210373,0.208250701775013
2.15,527.146025242011,1.01257728160253,0.208248036077213
2.2,525.551615385575,1.01257913605737,0.208245177778276
2.25,523.97860945752,1.01258112134558,0.208242117818363
2.3,522.42705962208,1.01258324347934,0.208238846929601
2.35,520.897017046533,1.01258550860571,0.208235355636119
2.4,519.388531949992,1.01258792300655,0.208231634254074
2.45,517.901653652022,1.01259049309852,0.208227672891683
2.5,516.436430621019,1.01259322543304,0.208223461449259
2.55,514.992910522312,1.01259612669623,0.208218989619245
2.6,513.571140265943,1.01259920370893,0.208214246886255
2.65,512.171166054074,1.01260246342658,0.208209222527116
2.7,510.793033427982,1.01260591293927,0.208203905610908
2.75,509.436787314609,1.0126095594716,0.208198284999014
2.8,508.102472072613,1.01261341038272,0.208192349345165
2.85,506.790131537903,1.01261747316623,0.208186087095495
2.9,505.499809068607,1.01262175545011,0.208179486488597
2.95,504.231547589443,1.01262626499674,0.208172535555575
3,502.985389635483,1.01263100970276,0.208165222120109
3.05,501.761377395242,1.01263599759904,0.208157533798518
3.1,500.559552753104,1.01264123685065,0.208149457999826
3.15,499.379957331039,1.01264673575673,0.208140981925837
3.2,498.222632529594,1.01265250275045,0.208132092571202
3.25,497.087619568129,1.01265854639894,0.208122776723503
3.3,495.974959524296,1.01266487540321,0.208113020963332
3.35,494.884693372723,1.01267149859805,0.208102811664379
3.4,493.816862022904,1.01267842495197,0.208092134993517
3.45,492.771506356269,1.01268566356706,0.2080809769109
3.5,491.74866726243,1.01269322367898,0.208069323170061
3.55,490.748385674582,1.01270111465676,0.20805715931801
3.6,489.770702604061,1.0127093460028,0.208044470695348
3.65,488.815659174049,1.01271792735266,0.208031242436371
3.7,487.883296652411,1.01272686847503,0.208017459469193
3.75,486.973656483664,1.01273617927157,0.208003106515864
3.8,486.086780320085,1.01274586977682,0.207988168092496
3.85,485.222710051937,1.01275595015801,0.207972628509396
3.9,484.381487836827,1.01276643071502,0.207956471871204
3.95,483.563156128186,1.01277732188015,0.207939682077032
4,482.767757702887,1.01278863421805,0.207922242820615
4.05,481.995335687982,1.01280037842553,0.207904137590465
4.1,481.245933586583,1.01281256533143,0.207885349670028
4.15,480.51959530288,1.01282520589642,0.207865862137852
4.2,479.816365166303,1.01283831121291,0.207845657867758
4.25,479.136287954834,1.01285189250479,0.207824719529019
4.3,478.479408917485,1.01286596112731,0.207803029586544
4.35,477.845773795937,1.01288052856687,0.207780570301071
4.4,477.235428845355,1.01289560644087,0.207757323729364
4.45,476.648420854394,1.01291120649744,0.207733271724416
4.5,476.084797164396,1.01292734061529,0.207708395935666
4.55,475.544605687798,1.01294402080349,0.207682677809217
4.6,475.02789492575,1.01296125920125,0.207656098588059
4.65,474.534713984978,1.01297906807768,0.20762863931231
4.7,474.065112593877,1.01299745983157,0.207600280819453
4.75,473.61914111786,1.01301644699115,0.207571003744591
4.8,473.196850573982,1.01303604221383,0.207540788520701
4.85,472.798292644841,1.01305625828596,0.207509615378902
4.9,472.423519691779,1.01307710812253,0.207477464348732
4.95,472.072584767385,1.01309860476697,0.207444315258428
5,471.745541627333,1.01312076139078,0.207410147735223
5.05,471.442444741545,1.0131435912933,0.207374941205642
5.1,471.16334930472,1.0131671079014,0.207338674895816
5.15,470.908311246226,1.01319132476914,0.207301327831799
5.2,470.677387239368,1.0132162555775,0.207262878839899
5.25,470.470634710064,1.01324191413404,0.207223306547017
5.3,470.288111844927,1.01326831437255,0.207182589380993
5.35,470.129877598779,1.0132954703527,0.207140705570965
5.4,469.995991701599,1.01332339625973,0.207097633147738
5.45,469.88651466494,1.01335210640402,0.207053349944163
5.5,469.801507787807,1.0133816152208,0.207007833595525
5.55,469.741033162033,1.01341193726968,0.206961061539944
5.6,469.705153677144,1.01344308723429,0.206913011018784
5.65,469.693933024753,1.01347507992191,0.206863659077077
5.7,469.707435702473,1.013507930263,0.206812982563953
5.75,469.745727017386,1.01354165331081,0.206760958133087
5.8,469.808873089066,1.0135762642409,0.206707562243152
5.85,469.896940852171,1.01361177835075,0.20665277115829
5.9,470.009998058632,1.01364821105926,0.206596560948586
5.95,470.148113279434,1.01368557790628,0.206538907490565
6,470.311355906019,1.01372389455214,0.206479786467691
6.05,470.499796151305,1.01376317677714,0.206419173370888
6.1,470.713505050362,1.01380344048107,0.206357043499064
6.15,470.952554460727,1.01384470168265,0.206293371959656
6.2,471.217017062391,1.01388697651903,0.206228133669181
6.25,471.506966357467,1.01393028124524,0.206161303353807
6.3,471.82247666954,1.01397463223362,0.206092855549934
6.35,472.163623142731,1.01402004597326,0.206022764604787
6.4,472.530481740461,1.01406653906941,0.205951004677022
6.45,472.923129243957,1.01411412824291,0.205877549737354
6.5,473.341643250478,1.01416283032952,0.205802373569188
6.55,473.786102171299,1.01421266227938,0.205725449769273
6.6,474.256585229451,1.01426364115631,0.205646751748364
6.65,474.753172457226,1.01431578413716,0.205566252731904
6.7,475.275944693462,1.0143691085112,0.205483925760715
6.75,475.824983580622,1.01442363167938,0.205399743691712
6.8,476.400371561661,1.01447937115368,0.205313679198621
6.85,477.002191876706,1.01453634455638,0.205225704772725
6.9,477.630528559555,1.01459456961933,0.205135792723613
6.95,478.285466433992,1.01465406418324,0.205043915179958
7,478.967091109947,1.01471484619691,0.204950044090294
7.05,479.675488979493,1.01477693371647,0.204854151223828
7.1,480.410747212688,1.01484034490461,0.204756208171252
7.15,481.172953753286,1.01490509802974,0.204656186345579
7.2,481.962197314307,1.01497121146522,0.204554056982999
7.25,482.778567373475,1.01503870368852,0.20444979114374
7.3,483.622154168557,1.01510759328038,0.204343359712957
7.35,484.493048692561,1.01517789892392,0.204234733401635
7.4,485.39134268885,1.01524963940381,0.204123882747502
7.45,486.317128646147,1.01532283360533,0.204010778115974
7.5,487.270499793449,1.01539750051351,0.203895389701098
7.55,488.251550094855,1.01547365921217,0.203777687526531
7.6,489.260374244308,1.01555132888299,0.203657641446528
7.65,490.29706766027,1.01563052880455,0.203535221146943
7.7,491.36172648032,1.01571127835134,0.203410396146262
7.75,492.454447555687,1.01579359699281,0.203283135796637
7.8,493.575328445729,1.01587750429232,0.203153409284954
7.85,494.724467412354,1.01596301990612,0.20302118563391
7.9,495.901963414387,1.01605016358233,0.20288643370311
7.95,497.107916101901,1.01613895515986,0.202749122190186
8,498.342425810498,1.01622941456732,0.202609219631931
8.05,499.605593555554,1.01632156182197,0.202466694405451
8.1,500.897521026438,1.01641541702854,0.202321514729346
8.15,502.218310580696,1.01651100037816,0.202173648664895
8.2,503.568065238211,1.01660833214717,0.202023064117271
8.25,504.946888675338,1.01670743269599,0.201869728836773
8.3,506.354885219029,1.01680832246791,0.201713610420076
8.35,507.792159840937,1.01691102198786,0.201554676311501
8.4,509.258818151505,1.01701555186128,0.201392893804307
8.45,510.754966394054,1.01712193277276,0.201228230041999
8.5,512.280711438863,1.0172301854849,0.201060652019657
8.55,513.836160777235,1.01734033083694,0.20089012658529
8.6,515.421422515582,1.01745238974353,0.200716620441202
8.65,517.036605369495,1.01756638319339,0.200540100145381
8.7,518.681818657825,1.01768233224798,0.200360532112914
8.75,520.357172296766,1.01780025804017,0.200177882617414
8.8,522.062776793961,1.01792018177283,0.199992117792471
8.85,523.798743242596,1.01804212471751,0.199803203633123
8.9,525.565183315526,1.01816610821298,0.19961110599735
8.95,527.362209259403,1.01829215366383,0.199415790607582
9,529.189933888832,1.01842028253902,0.199217223052236
9.05,531.048470580531,1.01855051637045,0.199015368787265
9.1,532.937933267528,1.01868287675142,0.198810193137736
9.15,534.858436433355,1.01881738533522,0.198601661299421
9.2,536.810095106292,1.01895406383354,0.198389738340415
9.25,538.79302485361,1.01909293401496,0.198174389202768
9.3,540.807341775862,1.01923401770344,0.197955578704146
9.35,542.853162501178,1.01937733677667,0.197733271539505
9.4,544.930604179602,1.01952291316456,0.197507432282791
9.45,547.039784477456,1.01967076884758,0.197278025388656
9.5,549.180821571723,1.01982092585518,0.197045015194199
9.55,551.353834144478,1.0199734062641,0.196808365920726
9.6,553.558941377334,1.02012823219674,0.196568041675532
9.65,555.796262945923,1.02028542581949,0.196324006453696
9.7,558.06591901442,1.020445009341,0.19607622413991
9.75,560.368030230089,1.0206070050105,0.195824658510319
9.8,562.702717717868,1.02077143511604,0.195569273234381
9.85,565.070103074987,1.02093832198276,0.195310031876753
9.9,567.47030836562,1.02110768797111,0.195046897899192
9.95,569.903456115581,1.0212795554751,0.194779834662482
10,572.369669307044,1.02145394692045,0.194508805428375
10.05,574.869071373302,1.0216308847628,0.194233773361557
10.1,577.401786193575,1.02181039148586,0.193954701531631
10.15,579.96793808784,1.02199248959958,0.193671552915119
10.2,582.567651811705,1.02217720163827,0.193384290397491
10.25,585.201052551322,1.02236455015872,0.193092876775204
10.3,587.868265918332,1.02255455773826,0.192797274757767
10.35,590.56941794486,1.02274724697292,0.19249744696982
10.4,593.304635078534,1.02294264047543,0.192193355953244
10.45,596.074044177554,1.02314076087331,0.191884964169272
10.5,598.87777250579,1.02334163080686,0.191572234000636
10.55,601.715947727927,1.02354527292726,0.191255127753724
10.6,604.588697904643,1.02375170989448,0.190933607660755
10.65,607.496151487831,1.02396096437535,0.190607635881979
10.7,610.438437315855,1.0241730590415,0.19027717450789
10.75,613.415684608845,1.02438801656731,0.189942185561456
10.8,616.428022964033,1.02460585962791,0.189602631000375
10.85,619.475582351128,1.02482661089704,0.189258472719336
10.9,622.558493107728,1.02505029304503,0.188909672552313
10.95,625.676885934771,1.02527692873671,0.18855619227486
11,628.830891892024,1.02550654062924,0.188197993606438
11.05,632.020642393611,1.02573915137008,0.187835038212747
11.1,635.246269203578,1.02597478359477,0.187467287708084
11.15,638.5079044315,1.02621345992487,0.187094703657707
11.2,641.805680528121,1.02645520296576,0.186717247580229
11.25,645.139730281032,1.02670003530447,0.186334880950013
11.3,648.510186810394,1.02694797950755,0.185947565199593
11.35,651.917183564685,1.02719905811881,0.185555261722105
11.4,655.360854316498,1.02745329365719,0.185157931873737
11.45,658.841333158367,1.02771070861452,0.184755536976188
11.5,662.358754498636,1.02797132545332,0.184348038319146
11.55,665.913253057355,1.02823516660456,0.183935397162783
11.6,669.504963862227,1.02850225446541,0.183517574740251
11.65,673.134022244576,1.02877261139704,0.183094532260207
11.7,676.800563835361,1.02904625972234,0.182666230909341
11.75,680.504724561222,1.02932322172366,0.182232631854919
11.8,684.246640640562,1.02960351964056,0.181793696247343
11.85,688.026448579664,1.02988717566751,0.181349385222711
11.9,691.844285168843,1.03017421195164,0.180899659905406
11.95,695.700287478631,1.03046465059044,0.180444481410679
12,699.594592856,1.03075851362948,0.179983810847257
12.05,703.52733892062,1.0310558230601,0.179517609319949
12.1,707.498663561141,1.0313566008171,0.179045837932273
12.15,711.508704931522,1.03166086877647,0.178568457789088
12.2,715.557601447387,1.03196864875307,0.17808542999923
12.25,719.645491782407,1.03227996249829,0.177596715678167
12.3,723.772514864735,1.03259483169777,0.177102275950656
12.35,727.938809873446,1.03291327796906,0.17660207195341
12.4,732.144516235041,1.03323532285934,0.176096064837769
12.45,736.389773619948,1.03356098784303,0.175584215772386
12.5,740.674721939087,1.03389029431956,0.175066485945909
12.55,744.999501340448,1.03422326361097,0.17454283656968
12.6,749.364252205701,1.03455991695965,0.174013228880432
12.65,753.769115146849,1.03490027552596,0.173477624142994
12.7,758.214231002897,1.03524436038598,0.172935983653
12.75,762.69974083656,1.03559219252914,0.172388268739607
12.8,767.225785931001,1.03594379285593,0.171834440768206
12.85,771.792507786594,1.03629918217559,0.171274461143149
12.9,776.400048117726,1.03665838120381,0.17070829131047
12.95,781.048548849619,1.03702141056038,0.170135892760612
13,785.738152115183,1.03738829076695,0.169557227031156
13.05,790.469000251905,1.03775904224473,0.168972255709549
13.1,795.241235798756,1.03813368531214,0.168380940435833
13.15,800.055001493142,1.0385122401826,0.167783242905379
13.2,804.910440267859,1.03889472696224,0.167179124871616
13.25,809.807695248105,1.03928116564759,0.166568548148756
13.3,814.7469097485,1.03967157612335,0.165951474614531
13.35,819.728227270135,1.04006597816017,0.16532786621291
13.4,824.751791497659,1.04046439141235,0.164697684956829
13.45,829.817746296384,1.04086683541562,0.164060892930909
13.5,834.926235709422,1.04127332958496,0.163417452294176
13.55,840.077403954841,1.04168389321234,0.162767325282771
13.6,845.271395422859,1.04209854546452,0.162110474212663
13.65,850.508354673058,1.04251730538092,0.161446861482349
13.7,855.788426431618,1.04294019187136,0.160776449575555
13.75,861.111755588591,1.04336722371395,0.160099201063927
13.8,866.478487195191,1.04379841955292,0.159415078609716
13.85,871.88876646111,1.04423379789651,0.158724044968454
13.9,877.34273875186,1.0446733771148,0.158026062991628
13.95,882.840549586145,1.04511717543764,0.157321095629339
14,888.382344633256,1.04556521095258,0.156609105932952
