Algorithm,Scenario,Seed,TailErr,FinalErr,RegretPercent,MOE_energy,EnergyExcessPercent,TSearchOrRecovery,SearchSteps,BudgetUtilization,EnergyOn,MOENoWind
ea_multistart,static_wind,11,0.239384093863357,0.244922019095569,0.52405345966206,0.947608226587616,5.52884324369464,153,181,1,1,NaN
ea_multistart,static_wind,12,0.647201361267347,1.08637185629825,2.84630904819457,0.946372973750792,5.66658471201538,146,210,1,1,NaN
ea_multistart,static_wind,13,0.195890912228365,0.300912733193652,0.378869155420267,0.948207422388379,5.462156948863,152,181,1,1,NaN
ea_multistart,static_wind,14,0.519957966613732,0.0617171707644779,1.81603417925926,0.948899955202347,5.38518781853626,155,187,1,1,NaN
ea_multistart,static_wind,15,0.261140910118395,0.21818130841936,0.606111219275495,0.947569322463699,5.53317591582437,152,181,1,1,NaN
ea_multistart,static_wind,16,0.162576334798799,0.350969628051767,0.281906353477886,0.945567034807578,5.75664793596562,287,195,1,1,NaN
ea_multistart,static_wind,17,0.837635466717358,1.26102888104305,3.59016351231807,0.947696979746845,5.5189603186376,111,202,1,1,NaN
ea_multistart,static_wind,18,0.460524395694372,0.00228359984511872,1.52265835607358,0.94635182282894,5.66894635556243,155,210,1,1,NaN
ea_multistart,static_wind,19,0.164540062005207,0.347696749374421,0.287255212478231,0.955428408688399,4.66508959816134,111,187,1,1,NaN
ea_multistart,static_wind,20,0.122876393485262,0.46104407528687,0.186494392013982,0.948192244293765,5.46384512402568,152,181,1,1,NaN
ea_multistart,static_wind,21,0.267538244702399,0.210504506918555,0.631096808867247,0.954525659779338,4.76407729376018,146,187,1,1,NaN
ea_multistart,static_wind,22,0.640799739802674,0.173091681255254,2.63596950326885,0.946421180459935,5.66120250119791,157,210,1,1,NaN
ea_multistart,static_wind,23,0.161189226598054,0.58371256128037,0.27760881495804,0.948046568438544,5.48005058939501,189,181,1,1,NaN
ea_multistart,static_wind,24,0.512929646606882,0.0546888507576284,1.78089122043383,0.949166042184512,5.3556443821456,155,187,1,1,NaN
ea_multistart,static_wind,25,0.160437301704873,0.0175889914552787,13.5296946803119,0.929867635327124,7.54218794250252,146,262,1,1,NaN
ea_multistart,static_wind,26,0.63645626615089,1.0450833651128,3.5602840787894,0.94632896404159,5.6714988125473,152,210,1,1,NaN
ea_multistart,static_wind,27,0.652446283618732,0.194205487769478,2.48040169200206,0.945963135567846,5.71236472124434,159,187,1,1,NaN
ea_multistart,static_wind,28,0.125661139611051,0.478677579870304,0.186779195404451,0.947818030276817,5.50548397016069,154,181,1,1,NaN
ea_multistart,static_wind,29,0.464507204386826,0.00626640853757188,1.54198552537939,0.949829575694013,5.28204486255643,154,187,1,1,NaN
ea_multistart,static_wind,30,0.278832131956998,0.196951842213037,0.676704366704132,0.953995775219342,4.8222671395039,146,187,1,1,NaN
multistart,static_wind,11,2.52425028807219,2.06600949222293,7.64792233470403,0.915753089321097,9.19974081019591,20,205,1,1,NaN
multistart,static_wind,12,2.18091289211448,1.72267209626523,5.61349949390155,0.920357308806483,8.65345343938186,20,233,1,1,NaN
multistart,static_wind,13,2.44242197918338,1.98418118333413,7.14063904262224,0.898320031763358,11.3189024669805,20,233,1,1,NaN
multistart,static_wind,14,2.50843894219855,2.05019814634929,7.55074877665948,0.911294945922664,9.73395654987683,20,233,1,1,NaN
multistart,static_wind,15,4.86653061412683,5.32477140997609,11.0619961049759,0.892414068600378,12.0556068292777,20,205,1,1,NaN
multistart,static_wind,16,2.50390821720389,2.04566742135464,7.52279562675645,0.912032667338267,9.64519537644004,20,233,1,1,NaN
multistart,static_wind,17,2.72909773959196,2.2708569437427,8.79625597527655,0.905582810655949,10.4261242851618,20,233,1,1,NaN
multistart,static_wind,18,1.19622628398638,0.737985488137125,4.17695834593481,0.930735043088813,7.44196293300814,20,233,1,1,NaN
multistart,static_wind,19,2.64536124442724,2.18712044857799,8.35924580739055,0.911215223447844,9.74355720443447,20,205,1,1,NaN
multistart,static_wind,20,2.72332933527607,2.26508853942682,8.76803935648011,0.906183832080903,10.3528847677257,20,233,1,1,NaN
multistart,static_wind,21,2.5147082308983,2.05646743504905,7.5893526517729,0.912004001537615,9.64864170705677,20,233,1,1,NaN
multistart,static_wind,22,2.86539782778445,2.4071570319352,9.36430496204405,0.907172720810997,10.2325915516967,20,205,1,1,NaN
multistart,static_wind,23,2.38602052473521,1.92777972888596,6.79027478417462,0.915147852569599,9.2719605025733,20,233,1,1,NaN
multistart,static_wind,24,1.35140857589641,0.893167780047154,4.24230078152181,0.934049573243559,7.06069877291667,20,205,1,1,NaN
multistart,static_wind,25,1.1908995075177,0.732658711668447,4.172069259831,0.917075875010471,9.04223164616366,20,233,1,1,NaN
multistart,static_wind,26,4.27423555332819,3.81599475747893,9.07752795515483,0.902321244660614,10.8252749137172,20,205,1,1,NaN
multistart,static_wind,27,0.12418701919008,0.428236871369982,0.197498406000928,0.941726242733988,6.1879721113891,20,261,1,1,NaN
multistart,static_wind,28,5.0434101514177,5.50165094726696,11.3422357818252,0.891200821232235,12.2081551290911,20,205,1,1,NaN
multistart,static_wind,29,2.50516800286627,2.04692720701701,7.53057248217288,0.912098086623931,9.63733118895489,20,233,1,1,NaN
multistart,static_wind,30,4.97014546676715,5.4283862626164,11.2599358070939,0.891661539563511,12.1501775762947,20,205,1,1,NaN
tracker,static_wind,11,0.805023580873884,1.24094873542841,0.248278367745974,0.996225974714225,0.378832251072097,2,238,1,1,NaN
tracker,static_wind,12,0.805023580873884,1.24094873542841,0.248278367745974,0.996225974714225,0.378832251072097,2,238,1,1,NaN
tracker,static_wind,13,0.805023580873884,1.24094873542841,0.248278367745974,0.996225974714225,0.378832251072097,2,238,1,1,NaN
tracker,static_wind,14,0.805023580873884,1.24094873542841,0.248278367745974,0.996225974714225,0.378832251072097,2,238,1,1,NaN
tracker,static_wind,15,0.805023580873884,1.24094873542841,0.248278367745974,0.996225974714225,0.378832251072097,2,238,1,1,NaN
tracker,static_wind,16,0.805023580873884,1.24094873542841,0.248278367745974,0.996225974714225,0.378832251072097,2,238,1,1,NaN
tracker,static_wind,17,0.805023580873884,1.24094873542841,0.248278367745974,0.996225974714225,0.378832251072097,2,238,1,1,NaN
tracker,static_wind,18,0.805023580873884,1.24094873542841,0.248278367745974,0.996225974714225,0.378832251072097,2,238,1,1,NaN
tracker,static_wind,19,0.805023580873884,1.24094873542841,0.248278367745974,0.996225974714225,0.378832251072097,2,238,1,1,NaN
tracker,static_wind,20,0.805023580873884,1.24094873542841,0.248278367745974,0.996225974714225,0.378832251072097,2,238,1,1,NaN
tracker,static_wind,21,0.805023580873884,1.24094873542841,0.248278367745974,0.996225974714225,0.378832251072097,2,238,1,1,NaN
tracker,static_wind,22,0.805023580873884,1.24094873542841,0.248278367745974,0.996225974714225,0.378832251072097,2,238,1,1,NaN
tracker,static_wind,23,0.805023580873884,1.24094873542841,0.248278367745974,0.996225974714225,0.378832251072097,2,238,1,1,NaN
tracker,static_wind,24,0.805023580873884,1.24094873542841,0.248278367745974,0.996225974714225,0.378832251072097,2,238,1,1,NaN
tracker,static_wind,25,0.805023580873884,1.24094873542841,0.248278367745974,0.996225974714225,0.378832251072097,2,238,1,1,NaN
tracker,static_wind,26,0.805023580873884,1.24094873542841,0.248278367745974,0.996225974714225,0.378832251072097,2,238,1,1,NaN
tracker,static_wind,27,0.805023580873884,1.24094873542841,0.248278367745974,0.996225974714225,0.378832251072097,2,238,1,1,NaN
tracker,static_wind,28,0.805023580873884,1.24094873542841,0.248278367745974,0.996225974714225,0.378832251072097,2,238,1,1,NaN
tracker,static_wind,29,0.805023580873884,1.24094873542841,0.248278367745974,0.996225974714225,0.378832251072097,2,238,1,1,NaN
tracker,static_wind,30,0.805023580873884,1.24094873542841,0.248278367745974,0.996225974714225,0.378832251072097,2,238,1,1,NaN
grid,static_wind,11,0.742681528939358,1.20092232478861,2.8224805766788,0.915454552001121,9.23535175111298,274,161,1,1,NaN
grid,static_wind,12,0.867681528939358,1.32592232478861,3.36253857473586,0.913291264017897,9.49409453460012,NaN,161,1,1,NaN
grid,static_wind,13,2.11768152893936,2.57592232478861,5.23452796600291,0.901569349100049,10.917701560973,NaN,161,1,1,NaN
grid,static_wind,14,1.86768152893936,2.32592232478861,4.46064023759295,0.905638989810129,10.4192742639818,NaN,161,1,1,NaN
grid,static_wind,15,0.992681528939358,1.45092232478861,3.78553895116394,0.911541228653023,9.70430832598669,NaN,161,1,1,NaN
grid,static_wind,16,0.742681528939358,1.20092232478861,2.8224805766788,0.915454552001121,9.23535175111298,274,161,1,1,NaN
grid,static_wind,17,1.74268152893936,2.20092232478861,4.29906030725561,0.906904268920645,10.2652213987429,NaN,161,1,1,NaN
grid,static_wind,18,0.617681528939359,1.07592232478861,2.20855972564436,0.917905290967695,8.94370147335757,186,161,1,1,NaN
grid,static_wind,19,1.36768152893936,1.82592232478861,4.2699577419867,0.90877283705656,10.0385001865721,NaN,161,1,1,NaN
grid,static_wind,20,2.11768152893936,2.57592232478861,5.23452796600291,0.901569349100049,10.917701560973,NaN,161,1,1,NaN
grid,static_wind,21,1.86768152893936,2.32592232478861,4.46064023759295,0.905638989810129,10.4192742639818,NaN,161,1,1,NaN
grid,static_wind,22,1.49268152893936,1.95092232478861,4.25929193842463,0.908298612621396,10.0959514970467,NaN,161,1,1,NaN
grid,static_wind,23,1.61768152893936,2.07592232478861,4.24908849370254,0.907740136084013,10.163686747839,NaN,161,1,1,NaN
grid,static_wind,24,0.992681528939358,1.45092232478861,3.78553895116394,0.911541228653023,9.70430832598669,NaN,161,1,1,NaN
grid,static_wind,25,0.121879839284554,0.450922324788612,0.188290706452727,0.926873943333631,7.88953634874668,173,161,1,1,NaN
grid,static_wind,26,1.49268152893936,1.95092232478861,4.25929193842463,0.908298612621396,10.0959514970467,NaN,161,1,1,NaN
grid,static_wind,27,1.49268152893936,1.95092232478861,4.25929193842463,0.908298612621396,10.0959514970467,NaN,161,1,1,NaN
grid,static_wind,28,0.992681528939358,1.45092232478861,3.78553895116394,0.911541228653023,9.70430832598669,NaN,161,1,1,NaN
grid,static_wind,29,0.742681528939358,1.20092232478861,2.8224805766788,0.915454552001121,9.23535175111298,274,161,1,1,NaN
grid,static_wind,30,1.74268152893936,2.20092232478861,4.29906030725561,0.906904268920645,10.2652213987429,NaN,161,1,1,NaN
esc,static_wind,11,1.20198411354946,0.437977941916003,3.90766942177293,0.961648902298597,3.98805609924099,32,400,1,1,NaN
esc,static_wind,12,0.934481099619205,0.740895151154177,2.88565740717854,0.963841566970905,3.75149135170956,35,400,1,1,NaN
esc,static_wind,13,0.7801953814766,0.878559707576471,2.44277685153992,0.953055383631719,4.92569657278399,35,400,1,1,NaN
esc,static_wind,14,0.800471473699883,0.555072605783589,2.6564973636243,0.962616581019577,3.88352119811062,34,400,1,1,NaN
esc,static_wind,15,1.07930969591485,0.0579128719409754,3.06313071226208,0.962492096854024,3.89695700033002,30,400,1,1,NaN
esc,static_wind,16,0.732319540763087,0.0797211717734942,2.56682516552251,0.950161684558278,5.2452457567673,32,400,1,1,NaN
esc,static_wind,17,1.75493771996093,0.258237651771367,5.43114675086658,0.957311376993724,4.45922027379768,35,400,1,1,NaN
esc,static_wind,18,1.03456388143612,0.694405879431419,3.26585671989468,0.93984752624301,6.40023749356941,36,400,1,1,NaN
esc,static_wind,19,1.17717563614761,0.786343988757517,3.76235380128403,0.955880914244712,4.61554207201098,37,400,1,1,NaN
esc,static_wind,20,1.35912336998361,0.167425102204748,4.10128727374151,0.963058501538468,3.8358519656406,33,400,1,1,NaN
esc,static_wind,21,1.12579210952106,1.12356826855758,3.04000514811598,0.963219728481473,3.81847157309696,33,400,1,1,NaN
esc,static_wind,22,4.03963836855949,3.27844159186519,9.6727898449187,0.947117867593961,5.58347954519955,33,400,1,1,NaN
esc,static_wind,23,0.744051717308189,0.604815609378694,2.562697041284,0.96757802796006,3.3508379792682,32,400,1,1,NaN
esc,static_wind,24,0.983900964851311,0.352057119585253,3.04242808880787,0.955949561544705,4.60802956843397,30,400,1,1,NaN
esc,static_wind,25,1.24473107572984,0.0194597387564173,3.56511605297876,0.948611442291652,5.41723991692569,35,400,1,1,NaN
esc,static_wind,26,0.797095240783026,0.444105459406155,2.69520541059729,0.966396274375408,3.47722011307529,33,400,1,1,NaN
esc,static_wind,27,0.693619629706089,0.096563942059003,2.58877850358863,0.965590338295598,3.56358802897098,33,400,1,1,NaN
esc,static_wind,28,0.721892139898951,0.0523478807485631,2.28800796187926,0.955911630843474,4.61218042902388,35,400,1,1,NaN
esc,static_wind,29,0.727282112587185,0.260594085260704,2.65470473354646,0.956564220841715,4.54081160594364,36,400,1,1,NaN
esc,static_wind,30,0.942768476505631,1.00686448424757,2.6352603896443,0.962917212960666,3.85108777163891,34,400,1,1,NaN
fixed,static_wind,11,0.121879839284554,0.450922324788612,0.188290706452727,0.994091008918601,0.594411480275556,1,0,1,1,NaN
fixed,static_wind,12,0.121879839284554,0.450922324788612,0.188290706452727,0.994091008918601,0.594411480275556,1,0,1,1,NaN
fixed,static_wind,13,0.121879839284554,0.450922324788612,0.188290706452727,0.994091008918601,0.594411480275556,1,0,1,1,NaN
fixed,static_wind,14,0.121879839284554,0.450922324788612,0.188290706452727,0.994091008918601,0.594411480275556,1,0,1,1,NaN
fixed,static_wind,15,0.121879839284554,0.450922324788612,0.188290706452727,0.994091008918601,0.594411480275556,1,0,1,1,NaN
fixed,static_wind,16,0.121879839284554,0.450922324788612,0.188290706452727,0.994091008918601,0.594411480275556,1,0,1,1,NaN
fixed,static_wind,17,0.121879839284554,0.450922324788612,0.188290706452727,0.994091008918601,0.594411480275556,1,0,1,1,NaN
fixed,static_wind,18,0.121879839284554,0.450922324788612,0.188290706452727,0.994091008918601,0.594411480275556,1,0,1,1,NaN
fixed,static_wind,19,0.121879839284554,0.450922324788612,0.188290706452727,0.994091008918601,0.594411480275556,1,0,1,1,NaN
fixed,static_wind,20,0.121879839284554,0.450922324788612,0.188290706452727,0.994091008918601,0.594411480275556,1,0,1,1,NaN
fixed,static_wind,21,0.121879839284554,0.450922324788612,0.188290706452727,0.994091008918601,0.594411480275556,1,0,1,1,NaN
fixed,static_wind,22,0.121879839284554,0.450922324788612,0.188290706452727,0.994091008918601,0.594411480275556,1,0,1,1,NaN
fixed,static_wind,23,0.121879839284554,0.450922324788612,0.188290706452727,0.994091008918601,0.594411480275556,1,0,1,1,NaN
fixed,static_wind,24,0.121879839284554,0.450922324788612,0.188290706452727,0.994091008918601,0.594411480275556,1,0,1,1,NaN
fixed,static_wind,25,0.121879839284554,0.450922324788612,0.188290706452727,0.994091008918601,0.594411480275556,1,0,1,1,NaN
fixed,static_wind,26,0.121879839284554,0.450922324788612,0.188290706452727,0.994091008918601,0.594411480275556,1,0,1,1,NaN
fixed,static_wind,27,0.121879839284554,0.450922324788612,0.188290706452727,0.994091008918601,0.594411480275556,1,0,1,1,NaN
fixed,static_wind,28,0.121879839284554,0.450922324788612,0.188290706452727,0.994091008918601,0.594411480275556,1,0,1,1,NaN
fixed,static_wind,29,0.121879839284554,0.450922324788612,0.188290706452727,0.994091008918601,0.594411480275556,1,0,1,1,NaN
fixed,static_wind,30,0.121879839284554,0.450922324788612,0.188290706452727,0.994091008918601,0.594411480275556,1,0,1,1,NaN
single_golden,static_wind,11,4.00731847106064,3.54907767521139,8.56091370918826,0.919812573793596,8.71780061406273,NaN,11,1,1,NaN
single_golden,static_wind,12,4.00731847106064,3.54907767521139,8.56091370918826,0.919804436360431,8.71876243138096,NaN,10,1,1,NaN
single_golden,static_wind,13,3.47256605531049,3.01432525946124,9.34402143521951,0.915876904240671,9.18497839281946,NaN,10,1,1,NaN
single_golden,static_wind,14,4.00731847106064,3.54907767521139,8.56091370918826,0.919797929302087,8.71953155610685,NaN,9,1,1,NaN
single_golden,static_wind,15,3.47256605531049,3.01432525946124,9.34402143521951,0.915881941237745,9.18437791759223,NaN,7,1,1,NaN
single_golden,static_wind,16,4.00731847106064,3.54907767521139,8.56091370918826,0.919797434584438,8.71959003145048,NaN,9,1,1,NaN
single_golden,static_wind,17,4.54207088681079,4.08383009096154,10.0573365081121,0.910894939573644,9.78214463108806,NaN,11,1,1,NaN
single_golden,static_wind,18,4.00731847106064,3.54907767521139,8.56091370918826,0.919829960525066,8.71574561771939,NaN,9,1,1,NaN
single_golden,static_wind,19,4.00731847106064,3.54907767521139,8.56091370918826,0.919807151837977,8.71844146914708,NaN,10,1,1,NaN
single_golden,static_wind,20,4.00731847106064,3.54907767521139,8.56091370918826,0.919797148880634,8.71962380150562,NaN,9,1,1,NaN
single_golden,static_wind,21,4.00731847106064,3.54907767521139,8.56091370918826,0.919830078545061,8.71573166880431,NaN,9,1,1,NaN
single_golden,static_wind,22,4.00731847106064,3.54907767521139,8.56091370918826,0.919798805043314,8.71942804414816,NaN,9,1,1,NaN
single_golden,static_wind,23,4.00731847106064,3.54907767521139,8.56091370918826,0.919796006271169,8.71975885761624,NaN,8,1,1,NaN
single_golden,static_wind,24,4.54207088681079,4.08383009096154,10.0573365081121,0.910892311125532,9.78246141570382,NaN,11,1,1,NaN
single_golden,static_wind,25,4.54207088681079,4.08383009096154,10.0573365081121,0.910892311125532,9.78246141570382,NaN,11,1,1,NaN
single_golden,static_wind,26,4.00731847106064,3.54907767521139,8.56091370918826,0.919812630474121,8.7177939146743,NaN,5,1,1,NaN
single_golden,static_wind,27,4.00731847106064,3.54907767521139,8.56091370918826,0.919801815494814,8.7190722125334,NaN,10,1,1,NaN
single_golden,static_wind,28,4.54207088681079,4.08383009096154,10.0573365081121,0.910895687782187,9.78205445617601,NaN,11,1,1,NaN
single_golden,static_wind,29,3.14207088681079,2.68383009096153,9.83193907482927,0.914741965358407,9.32044640678403,NaN,10,1,1,NaN
single_golden,static_wind,30,4.00731847106064,3.54907767521139,8.56091370918826,0.919829096516225,8.71584773599955,NaN,9,1,1,NaN
ea_multistart,jumpUp,11,NaN,0.355713295098289,0.274404729921888,0.920956551780859,8.58275540429068,182,250,1,1,NaN
tracker,jumpUp,11,NaN,0.261436326482761,0.298679381527261,0.997132178961952,0.287606908948973,21,231,1,1,NaN
ea_multistart,jumpUp,12,NaN,0.794780801001533,2.67704156943518,0.940567244016652,6.31882051617517,67,214,1,1,NaN
tracker,jumpUp,12,NaN,0.261436326482761,0.298679381527261,0.997132178961952,0.287606908948973,21,231,1,1,NaN
ea_multistart,jumpUp,13,NaN,0.328119683944173,0.322174558476721,0.926391699717984,7.94569946000431,180,250,1,1,NaN
tracker,jumpUp,13,NaN,0.261436326482761,0.298679381527261,0.997132178961952,0.287606908948973,21,231,1,1,NaN
ea_multistart,jumpUp,14,NaN,0.166497335194954,0.785862480217443,0.932487885208897,7.23999913156825,119,256,1,1,NaN
tracker,jumpUp,14,NaN,0.261436326482761,0.298679381527261,0.997132178961952,0.287606908948973,21,231,1,1,NaN
ea_multistart,jumpUp,15,NaN,0.553472196895839,0.236000263323827,0.92200010807563,8.45985713463409,182,250,1,1,NaN
tracker,jumpUp,15,NaN,0.261436326482761,0.298679381527261,0.997132178961952,0.287606908948973,21,231,1,1,NaN
ea_multistart,jumpUp,16,NaN,0.0564692628531684,1.2456577991605,0.942956198722931,6.0494645832251,67,199,1,1,NaN
tracker,jumpUp,16,NaN,0.261436326482761,0.298679381527261,0.997132178961952,0.287606908948973,21,231,1,1,NaN
ea_multistart,jumpUp,17,NaN,0.28060923583112,0.42718984801677,0.929715704287969,7.55976212812919,67,264,1,1,NaN
tracker,jumpUp,17,NaN,0.261436326482761,0.298679381527261,0.997132178961952,0.287606908948973,21,231,1,1,NaN
ea_multistart,jumpUp,18,NaN,0.624018462988531,0.925197113973276,0.930902074185848,7.42268469802094,67,271,1,1,NaN
tracker,jumpUp,18,NaN,0.261436326482761,0.298679381527261,0.997132178961952,0.287606908948973,21,231,1,1,NaN
ea_multistart,jumpUp,19,NaN,0.0762953404096187,1.15635198861763,0.929333541427011,7.60399312226257,119,256,1,1,NaN
tracker,jumpUp,19,NaN,0.261436326482761,0.298679381527261,0.997132178961952,0.287606908948973,21,231,1,1,NaN
ea_multistart,jumpUp,20,NaN,0.429099709157208,0.197017395738413,0.92432780019741,8.18672767241546,181,250,1,1,NaN
tracker,jumpUp,20,NaN,0.261436326482761,0.298679381527261,0.997132178961952,0.287606908948973,21,231,1,1,NaN
ea_multistart,jumpDown,11,NaN,2.43382822646599,5.01634534297372,0.91001440406358,9.88837050651042,221,261,1,1,NaN
tracker,jumpDown,11,NaN,0.937689763444805,0.257727654814607,0.995912058727648,0.410472113127596,23,219,1,1,NaN
ea_multistart,jumpDown,12,NaN,1.64796256322177,4.31775915523963,0.914770472513379,9.3170396342646,67,271,1,1,NaN
tracker,jumpDown,12,NaN,0.937689763444805,0.257727654814607,0.995912058727648,0.410472113127596,23,219,1,1,NaN
ea_multistart,jumpDown,13,NaN,0.390573020505528,0.228503061627895,0.945672633457901,5.744838606934,31,181,1,1,NaN
tracker,jumpDown,13,NaN,0.937689763444805,0.257727654814607,0.995912058727648,0.410472113127596,23,219,1,1,NaN
ea_multistart,jumpDown,14,NaN,0.166497335194954,0.785862480217439,0.921968599282413,8.46356381099321,119,256,1,1,NaN
tracker,jumpDown,14,NaN,0.937689763444805,0.257727654814607,0.995912058727648,0.410472113127596,23,219,1,1,NaN
ea_multistart,jumpDown,15,NaN,0.00261695806225326,1.52427376980509,0.941239488961254,6.24288629279603,31,181,1,1,NaN
tracker,jumpDown,15,NaN,0.937689763444805,0.257727654814607,0.995912058727648,0.410472113127596,23,219,1,1,NaN
ea_multistart,jumpDown,16,NaN,0.237644307860566,3.03530848522303,0.916645231570978,9.09346010409779,138,271,1,1,NaN
tracker,jumpDown,16,NaN,0.937689763444805,0.257727654814607,0.995912058727648,0.410472113127596,23,219,1,1,NaN
ea_multistart,jumpDown,17,NaN,0.0405799130090072,1.3188879916902,0.919644373307104,8.73768480787106,215,260,1,1,NaN
tracker,jumpDown,17,NaN,0.937689763444805,0.257727654814607,0.995912058727648,0.410472113127596,23,219,1,1,NaN
ea_multistart,jumpDown,18,NaN,0.62401846298853,0.925197113973276,0.920631200061328,8.62112862711858,67,271,1,1,NaN
tracker,jumpDown,18,NaN,0.937689763444805,0.257727654814607,0.995912058727648,0.410472113127596,23,219,1,1,NaN
ea_multistart,jumpDown,19,NaN,0.584255658121946,18.6250052539782,0.8989245645934,11.2440397545837,267,312,1,1,NaN
tracker,jumpDown,19,NaN,0.937689763444805,0.257727654814607,0.995912058727648,0.410472113127596,23,219,1,1,NaN
ea_multistart,jumpDown,20,NaN,0.568856540749967,0.255634626605204,0.945117525098879,5.80694711965896,31,181,1,1,NaN
tracker,jumpDown,20,NaN,0.937689763444805,0.257727654814607,0.995912058727648,0.410472113127596,23,219,1,1,NaN
ea_multistart,ramp,11,NaN,0.89175016414278,1.29751536767984,0.944364241774452,5.89134528442214,32,181,1,1,NaN
tracker,ramp,11,NaN,0.312199081097358,0.256826984668974,0.995442554010251,0.457831139666358,8,230,1,1,NaN
ea_multistart,ramp,12,NaN,1.02772522695416,3.42722460373933,0.947372107657952,5.55514479649943,25,214,1,1,NaN
tracker,ramp,12,NaN,0.312199081097358,0.256826984668974,0.995442554010251,0.457831139666358,8,230,1,1,NaN
ea_multistart,ramp,13,NaN,0.858007890784391,1.14431596524288,0.944351064978218,5.89282281617012,31,181,1,1,NaN
tracker,ramp,13,NaN,0.312199081097358,0.256826984668974,0.995442554010251,0.457831139666358,8,230,1,1,NaN
ea_multistart,ramp,14,NaN,1.09402977409071,2.29991250992338,0.948084744458328,5.47580328078507,5,187,1,1,NaN
tracker,ramp,14,NaN,0.312199081097358,0.256826984668974,0.995442554010251,0.457831139666358,8,230,1,1,NaN
ea_multistart,ramp,15,NaN,0.565885362776204,0.251594030214854,0.94859094789526,5.41951746628053,30,181,1,1,NaN
tracker,ramp,15,NaN,0.312199081097358,0.256826984668974,0.995442554010251,0.457831139666358,8,230,1,1,NaN
ea_multistart,ramp,16,NaN,0.0564499692469695,1.24574585893215,0.949474548423577,5.32141189674967,25,199,1,1,NaN
tracker,ramp,16,NaN,0.312199081097358,0.256826984668974,0.995442554010251,0.457831139666358,8,230,1,1,NaN
ea_multistart,ramp,17,NaN,0.477695170703284,0.186649192831115,0.933479666144,7.12606136679778,5,256,1,1,NaN
tracker,ramp,17,NaN,0.312199081097358,0.256826984668974,0.995442554010251,0.457831139666358,8,230,1,1,NaN
ea_multistart,ramp,18,NaN,0.083737584203087,1.12347046176934,0.947630425706733,5.52637113294569,25,210,1,1,NaN
tracker,ramp,18,NaN,0.312199081097358,0.256826984668974,0.995442554010251,0.457831139666358,8,230,1,1,NaN
ea_multistart,ramp,19,NaN,0.206493562860702,0.644397147693456,0.933911125684676,7.07656997520753,5,256,1,1,NaN
tracker,ramp,19,NaN,0.312199081097358,0.256826984668974,0.995442554010251,0.457831139666358,8,230,1,1,NaN
ea_multistart,ramp,20,NaN,1.17417994748949,2.69551810055518,0.939283469974201,6.46413271038049,152,181,1,1,NaN
tracker,ramp,20,NaN,0.312199081097358,0.256826984668974,0.995442554010251,0.457831139666358,8,230,1,1,NaN
ea_multistart,offset,11,NaN,0.253186003580094,0.474892471359041,0.949416680023836,5.32783139800047,32,181,1,1,NaN
tracker,offset,11,NaN,1.24094873542841,0.236529969949022,0.996351992954784,0.366136372588324,25,238,1,1,NaN
ea_multistart,offset,12,NaN,0.800922324788612,12.102186228994,0.932244530611703,7.26799323175851,25,270,1,1,NaN
tracker,offset,12,NaN,1.24094873542841,0.236529969949022,0.996351992954784,0.366136372588324,25,238,1,1,NaN
ea_multistart,offset,13,NaN,0.456940955669313,0.177967366206959,0.950350102671294,5.22437964589544,31,181,1,1,NaN
tracker,offset,13,NaN,1.24094873542841,0.236529969949022,0.996351992954784,0.366136372588324,25,238,1,1,NaN
ea_multistart,offset,14,NaN,0.0655913927395337,1.74318045557357,0.950523793367239,5.20515183081227,35,187,1,1,NaN
tracker,offset,14,NaN,1.24094873542841,0.236529969949022,0.996351992954784,0.366136372588324,25,238,1,1,NaN
ea_multistart,offset,15,NaN,0.226451202734131,0.550447942152854,0.949424406356287,5.32697424935734,31,181,1,1,NaN
tracker,offset,15,NaN,1.24094873542841,0.236529969949022,0.996351992954784,0.366136372588324,25,238,1,1,NaN
ea_multistart,offset,16,NaN,0.349902709204935,0.269323218289932,0.947332249087372,5.55958598088116,166,195,1,1,NaN
tracker,offset,16,NaN,1.24094873542841,0.236529969949022,0.996351992954784,0.366136372588324,25,238,1,1,NaN
ea_multistart,offset,17,NaN,1.26190555811933,3.41509286225231,0.949399349105294,5.32975411689422,5,202,1,1,NaN
tracker,offset,17,NaN,1.24094873542841,0.236529969949022,0.996351992954784,0.366136372588324,25,238,1,1,NaN
ea_multistart,offset,18,NaN,0.0061308337347068,1.46369094139072,0.948071286299357,5.47730054174921,34,210,1,1,NaN
tracker,offset,18,NaN,1.24094873542841,0.236529969949022,0.996351992954784,0.366136372588324,25,238,1,1,NaN
ea_multistart,offset,19,NaN,0.367069994062845,0.244704229796713,0.956906424656956,4.50342627373341,5,187,1,1,NaN
tracker,offset,19,NaN,1.24094873542841,0.236529969949022,0.996351992954784,0.366136372588324,25,238,1,1,NaN
ea_multistart,offset,20,NaN,0.471209435925658,0.177151376175421,0.949899279998588,5.27431918902884,31,181,1,1,NaN
tracker,offset,20,NaN,1.24094873542841,0.236529969949022,0.996351992954784,0.366136372588324,25,238,1,1,NaN
ea_multistart,static_wind,11,NaN,0.244922019095569,0.52405345966206,NaN,NaN,153,NaN,1,0,NaN
ea_multistart,static_wind,12,NaN,1.08637185629825,2.84630904819457,NaN,NaN,146,NaN,1,0,NaN
ea_multistart,static_wind,13,NaN,0.300912733193652,0.378869155420267,NaN,NaN,152,NaN,1,0,NaN
ea_multistart,static_wind,14,NaN,0.0617171707644779,1.81603417925926,NaN,NaN,155,NaN,1,0,NaN
ea_multistart,static_wind,15,NaN,0.21818130841936,0.606111219275495,NaN,NaN,152,NaN,1,0,NaN
fixed,static_nowind,11,NaN,0,0,1,0,NaN,NaN,1,1,1
fixed,static_nowind,12,NaN,0,0,1,0,NaN,NaN,1,1,1
fixed,static_nowind,13,NaN,0,0,1,0,NaN,NaN,1,1,1
fixed,static_nowind,14,NaN,0,0,1,0,NaN,NaN,1,1,1
fixed,static_nowind,15,NaN,0,0,1,0,NaN,NaN,1,1,1
