v,Ptrue_W,Pl0_W,bias_W,dH3_W,dH5_W,dDrag_W,dAux_W,n_krpm
0,464.620520296716,434.620520296716,-30,0,0,0,30,0.713320004588555
0.05,486.04602582951,434.620520303434,-51.4255055260761,2.44016212922049,23.8656446865465,2.296875e-05,30,0.713320004592485
0.1,483.378229806373,434.620520404203,-48.7577094021702,4.85565226396864,23.6131779161388,0.00018375,30,0.713320004651428
0.15,480.738675189767,434.62052084087,-46.1181543488965,7.24648164156938,23.3640158342159,0.00062015625,30,0.713320004906847
0.2,478.127458141289,434.620522016513,-43.5069361247764,9.61266897564924,23.1181351004256,0.00147,30,0.713320005594514
0.25,475.544666939321,434.620524495439,-40.9241424438823,11.9542404309142,22.8755117810465,0.00287109375,30,0.71332000704451
0.3,472.99038203226,434.620529003187,-38.3698530290729,14.2712295866875,22.6361213657605,0.00496125,30,0.713320009681223
0.35,470.464676103635,434.620536426529,-35.8441396771058,16.5636773893476,22.3999387852034,0.00787828125,30,0.713320014023351
0.4,467.967614148874,434.620547813465,-33.3470663354086,18.8316320938405,22.1669384292491,0.01176,30,0.7133200206839
0.45,465.499253563474,434.620564373227,-30.8786891902473,21.0751491944837,21.9370941659809,0.01674421875,30,0.713320030370185
0.5,463.059644242269,434.620587476278,-28.4390567659913,23.2942913453099,21.7103793613012,0.02296875,30,0.713320043883828
0.55,460.648828689458,434.620618654311,-26.0282100351462,25.4891282702337,21.48676689913,0.03057140625,30,0.713320062120762
0.6,458.266842139033,434.620659600251,-23.6461825387818,27.6597366633592,21.2662292021411,0.03969,30,0.713320086071226
0.65,455.913712685211,434.620712168253,-21.2930005169582,29.8062000797738,21.0487382529819,0.05046234375,30,0.713320116819768
0.7,453.589461422419,434.6207783737,-18.9686830487191,31.9286088172051,20.8342656159241,0.06302625,30,0.713320155545241
0.75,451.294102594409,434.620860393209,-16.6732422011999,34.0270597889406,20.6227824588905,0.07751953125,30,0.713320203520809
0.8,449.027643751988,434.620960564623,-14.4066831873656,36.101656388437,20.4142595758026,0.09408,30,0.713320262113941
0.85,446.790085918897,434.621081387015,-12.1690045318812,38.1525083460642,20.2086674091954,0.11284546875,30,0.713320332786409
0.9,444.581423765282,434.621225520691,-9.96019824459097,40.1797315784509,20.0059760730419,0.13395375,30,0.713320417094296
0.95,442.40164578825,434.621395787178,-7.78025000107192,42.1834480309134,19.8061553757354,0.15754265625,30,0.713320516687984
1,440.250734498948,434.621595169237,-5.62913932971094,44.1637855134619,19.6091748431729,0.18375,30,0.713320633312161
1.05,438.128666615597,434.621826810851,-3.50683980474622,46.1208775308928,19.415003741889,0.21271359375,30,0.713320768805814
1.1,436.035413261937,434.622094017231,-1.41331924470535,48.0548631074796,19.223611102185,0.24457125,30,0.713320925102234
1.15,433.970940170482,434.622400254812,0.651460084330267,49.9658866067853,19.034965741205,0.27946078125,30,0.713321104229006
1.2,431.935207890042,434.622749151252,2.68754126121098,51.8540975471186,18.8490362859077,0.31752,30,0.713321308308014
1.25,429.928171996908,434.623144495432,4.69497249852412,53.71965041316,18.6657911958858,0.35888671875,30,0.713321539555435
1.3,427.949783309159,434.623590237449,6.6738069282905,55.5627044642788,18.4851987859883,0.40369875,30,0.713321800281737
1.35,425.99998810351,434.624090488624,8.62410238511404,57.3834235400633,18.3072272486993,0.45209390625,30,0.713322092891674
1.4,424.078728334146,434.624649521487,10.5459211873405,59.1819758635728,18.1318446762323,0.50421,30,0.713322419884287
1.45,422.185941853016,434.625271769787,12.4393299167705,60.958533842821,17.9590190823005,0.56018484375,30,0.713322783852895
1.5,420.321562631024,434.625961828481,14.3043991974568,62.71327387098,17.7887184235231,0.62015625,30,0.713323187485095
1.55,418.485520979626,434.626724453733,16.1412034741072,64.4463761257916,17.6209106204344,0.68426203125,30,0.713323633562752
1.6,416.677743772321,434.627564562913,17.9498207905911,66.1580243686521,17.455563578061,0.75264,30,0.713324124961999
1.65,414.898154665553,434.628487234589,19.7303325690366,67.8484057438241,17.2926452060375,0.82542796875,30,0.713324664653227
1.7,413.146674318546,434.629497708528,21.4828233899818,69.5177105782136,17.1321234382318,0.90276375,30,0.71332525570108
1.75,411.423220611661,434.630601385686,23.2073807740244,71.1661321821295,16.9739662518552,0.98478515625,30,0.713325901264447
1.8,409.727708862813,434.631803828206,24.9040949653934,72.7938666514267,16.8181416860333,1.07163,30,0.713326604596454
1.85,408.060052041569,434.633110759415,26.573058717846,74.4011126714137,16.6646178598177,1.16343609375,30,0.713327369044457
1.9,406.420160980548,434.634528063811,28.2143670832627,75.9880713228828,16.5133629896201,1.26034125,30,0.71332819805003
1.95,404.807944583764,434.636061787064,29.8281172033005,77.5549458906036,16.3643454060531,1.36248328125,30,0.713329095148955
2,403.223310031573,434.637718136005,31.4144081044317,79.1019416745966,16.2175335701649,1.47,30,0.713330063971211
2.05,401.666162981943,434.639503478619,32.9733404966761,80.6292658044818,16.0728960890556,1.58302921875,30,0.713331108240965
2.1,400.136407767729,434.641424344037,34.5050165763083,82.1371270571766,15.9304017308683,1.70170875,30,0.713332231776553
2.15,398.633947589729,434.643487422528,36.0095398327984,83.6257356781948,15.7900194391464,1.82617640625,30,0.713333438490469
2.2,397.158684705268,434.645699565488,37.4870148602201,85.0953032067751,15.651718346555,1.95657,30,0.713334732389352
2.25,395.710520612094,434.648067785432,38.9375471733378,86.5460423050488,15.515467787961,2.09302734375,30,0.713336117573965
2.3,394.289356227422,434.65059925598,40.3612430285577,87.9781665914324,15.3812373128747,2.23568625,30,0.71333759823918
2.35,392.89509206194,434.653301311848,41.7582092499081,89.3918904784097,15.2489966972516,2.38468453125,30,0.713339178673958
2.4,391.527628388645,434.656181448836,43.1285530601916,90.7874290148507,15.1187159546591,2.54016,30,0.713340863261334
2.45,390.186865406384,434.659247323811,44.4723819174274,92.1649977329894,14.990365346812,2.70225046875,30,0.713342656478385
2.5,388.87270339801,434.662506754696,45.7898033566861,93.5248125001688,14.8639153934826,2.87109375,30,0.713344562896217
2.55,387.585042883063,434.665967720456,47.0809248373937,94.8670893754384,14.7393368817947,3.04682765625,30,0.713346587179939
2.6,386.323784764911,434.669638361077,48.3458535961657,96.1920444710731,14.6166008749075,3.22959,30,0.713348734088631
2.65,385.088830472338,434.673526977552,49.584696505214,97.499893819067,14.495678720103,3.41951859375,30,0.713351008475323
2.7,383.880082095517,434.677642031866,50.79755993635,98.7908532426347,14.3765420562848,3.61675125,30,0.713353415286963
2.75,382.697442516381,434.681992146972,51.984549630591,100.065138232743,14.2591628209021,3.82142578125,30,0.713355959564389
2.8,381.540815533407,434.686586106771,53.1457705733645,101.322963829676,14.1435132563119,4.03368,30,0.713358646442291
2.85,380.41010598081,434.691432856094,54.2813268752842,102.564544509627,14.0295659155927,4.25365171875,30,0.713361481149183
2.9,379.305219842211,434.696541500677,55.3913216584663,103.79009407629,13.9172936678239,4.48147875,30,0.713364469007359
2.95,378.226064358803,434.701921307137,56.475856948334,104.999825557431,13.8066697028468,4.71729890625,30,0.713367615432864
3,377.172548132097,434.707581702947,57.53503357085,106.193951106372,13.697667535522,4.96125,30,0.713370925935444
3.05,376.144581221304,434.713532276413,58.5689510551092,107.372681908359,13.5902610094994,5.21346984375,30,0.713374406118511
3.1,375.142075235432,434.719782776639,59.5777075412066,108.536228091724,13.4844243005174,5.47409625,30,0.713378061679093
3.15,374.164943420212,434.726343113504,60.5613996932926,109.684798643789,13.3801319192467,5.74326703125,30,0.71338189840779
3.2,373.213100739911,434.73322335763,61.5201226177185,110.818601331416,13.2773587136972,6.02112,30,0.713385922188721
3.25,372.286463954179,434.740433740345,62.4539697861656,111.937842626119,13.1760798712035,6.30779296875,30,0.713390138999478
3.3,371.38495169001,434.747984653658,63.3630329636481,113.042727633654,13.076270920006,6.60342375,30,0.713394554911064
3.35,370.508484508944,434.755886650214,64.2474021412706,114.133460027966,12.9779077304454,6.90815015625,30,0.713399176087842
3.4,369.656984969643,434.764150443266,65.1071654736223,115.210241989408,12.8809665157859,7.22211,30,0.713404008787473
3.45,368.830377685948,434.772786906626,65.942409220678,116.273274147114,12.7854238326862,7.54544109375,30,0.713409059360852
3.5,368.028589380556,434.781807074635,66.7532176940788,117.322755525411,12.6912565813319,7.87828125,30,0.713414334252046
3.55,367.251548934451,434.791222142112,67.5396732076614,118.358883494159,12.598442005248,8.22076828125,30,0.713419839998222
3.6,366.499187432217,434.801043464316,68.3018560320994,119.381853722906,12.5069576908071,8.57304,30,0.713425583229578
3.65,365.77143820337,434.811282556894,69.0398443535236,120.391860138722,12.416781566448,8.93523421875,30,0.713431570669269
3.7,365.068236859854,434.821951095837,69.7537142359825,121.389094887605,12.3278919016224,9.30748875,30,0.713437809133327
3.75,364.389521329821,434.833060917428,70.4435395876071,122.37374829934,12.2402673054825,9.68994140625,30,0.713444305530581
3.8,363.735231887849,434.844624018191,71.1093921303423,123.346008855669,12.1538867253269,10.08273,30,0.713451066862576
3.85,363.105311181728,434.856652554835,71.7513413731074,124.306063161674,12.0687294448168,10.48599234375,30,0.713458100223479
3.9,362.499704255946,434.869158844197,72.3694545882505,125.25409592023,11.9847750819792,10.89986625,30,0.713465412799993
3.95,361.918358572022,434.882155363183,72.963796791161,126.19028990942,11.9020035870087,11.32448953125,30,0.71347301187126
4,361.361224025804,434.89565474871,73.5344307229058,127.114825962788,11.8203952398825,11.76,30,0.713480904808762
4.05,360.828252961877,434.909669797637,74.0814168357593,128.02788295231,11.7399306478008,12.20653546875,30,0.713489099076219
4.1,360.319400185207,434.924213466702,74.604813281495,128.929637773961,11.6605907424659,12.66423375,30,0.713497602229484
4.15,359.834622970141,434.939298872452,75.1046759023108,129.820265335772,11.5823567772109,13.13323265625,30,0.713506421916428
4.2,359.37388106691,434.954939291175,75.5810582242654,130.699938548256,11.505210323991,13.61367,30,0.713515565876832
4.25,358.937136705721,434.971148158821,76.0340114530997,131.568828317097,11.4291332702471,14.10568359375,30,0.713525041942263
4.3,358.524354598604,434.987939070928,76.4635844723238,132.427103537977,11.3541078156534,14.60941125,30,0.713534858035951
4.35,358.135501939089,435.005325782544,76.8698238434548,133.274931093464,11.2801164687595,15.12499078125,30,0.713545022172666
4.4,357.770548399853,435.023322208141,77.252773808288,134.112475851824,11.2071420435357,15.65256,30,0.713555542458581
4.45,357.429466128441,435.041942421533,77.6124762930923,134.939900667674,11.135167655832,16.19225671875,30,0.713566427091137
4.5,357.112229741168,435.061200655789,77.9489709146215,135.757366384381,11.0641767197596,16.74421875,30,0.713577684358903
4.55,356.818816315301,435.081111303138,78.2622949878368,136.56503183809,10.9941529440029,17.30858390625,30,0.713589322641427
4.6,356.549205379638,435.101688914877,78.5524835352387,137.36305386331,10.9250803280715,17.88549,30,0.713601350409087
4.65,356.303378903564,435.122948201275,78.8195692977108,138.151587299959,10.856943158498,18.47507484375,30,0.713613776222934
4.7,356.081321284688,435.144904031469,79.0635827467809,138.930785001772,10.7897260049914,19.07747625,30,0.713626608734531
4.75,355.883019335158,435.167571433365,79.2845520982067,139.700797846008,10.7234137165509,19.69283203125,30,0.713639856685785
4.8,355.708462266726,435.190965593525,79.4825033267994,140.461774744348,10.6579914175482,20.32128,30,0.713653528908776
4.85,355.557641674664,435.215101857063,79.6574601823989,141.213862654933,10.5934445037844,20.96295796875,30,0.71366763432558
4.9,355.430551520602,435.239995727523,79.8094442069213,141.957206595448,10.5297586385265,21.61800375,30,0.713682181948085
4.95,355.327188114373,435.265662866771,79.9384747523974,142.691949657178,10.4669197485306,22.28655515625,30,0.713697180877802
5,355.247550094934,435.292119094863,80.0445689999289,143.418233019984,10.4049140200555,22.96875,30,0.713712640305671
5.05,355.191638410439,435.31938038993,80.1277419794903,144.136195968114,10.3437278948733,23.66472609375,30,0.713728569511862
5.1,355.159456297535,435.347462888042,80.1880065905065,144.845975906786,10.2833480662799,24.37462125,30,0.713744977865565
5.15,355.151009259937,435.376382883078,80.2253736231409,145.547708379503,10.2237614751117,25.09857328125,30,0.71376187482478
5.2,355.166305046359,435.40615682659,80.2398517802307,146.241527086002,10.1649553057708,25.83672,30,0.713779269936098
5.25,355.205353627854,435.436801327663,80.2314476998094,146.927563900823,10.1069169822635,26.58919921875,30,0.713797172834475
5.3,355.268167174607,435.468333152767,80.2001659781595,147.605948892415,10.0496341642556,27.35614875,30,0.713815593243
5.35,355.354760032271,435.500769225611,80.1460091933396,148.276810342737,9.99309474314775,28.13770640625,30,0.713834540972656
5.4,355.465148697854,435.53412662699,80.0689779291359,148.940274767309,9.93728683817345,28.93401,30,0.713854025922078
5.45,355.59935179524,435.568422594627,79.969070799387,149.59646693566,9.88219879252332,29.74519734375,30,0.713874058077299
5.5,355.757390050374,435.60367452301,79.8462844726361,150.245509892134,9.82781916949767,30.57140625,30,0.71389464751149
5.55,355.939286266163,435.639899963229,79.7006136970663,150.887524977006,9.77413674869007,31.41277453125,30,0.713915804384697
5.6,356.145065297126,435.677116622802,79.532051325676,151.52263184788,9.72114052220403,32.26944,30,0.713937538943566
5.65,356.374754023847,435.715342365502,79.3405883416558,152.150948501311,9.66881969090492,33.14154046875,30,0.713959861521063
5.7,356.628381327248,435.754595211177,79.1262138839288,152.772591294638,9.61716366070882,34.02921375,30,0.713982782536188
5.75,356.905978062746,435.794893335564,78.8889152728176,153.387674967978,9.56616203891027,34.93259765625,30,0.714006312493677
5.8,357.207577034292,435.836255070099,78.6286780358072,153.996312666357,9.51580463055004,35.85183,30,0.714030461983701
5.85,357.533212968357,435.878698901727,78.34548593337,154.598615961945,9.46608143482471,36.78704859375,30,0.714055241681556
5.9,357.882922487872,435.922243472695,78.0393209848233,155.194694876362,9.41698264153901,37.73839125,30,0.714080662347342
5.95,358.256744086164,435.966907580357,77.7101634941934,155.784657903046,9.36849862760211,38.70599578125,30,0.714106734825641
6,358.654718100898,436.012710176956,77.3579920760574,156.368612029626,9.32061995356882,39.69,30,0.714133470045178
6.05,359.076886688071,436.059670369412,76.9827836813411,156.946662760318,9.27333736022653,40.69054171875,30,0.71416087901848
6.1,359.523293796058,436.107807419106,76.5845136230475,157.518914138276,9.22664176522861,41.70775875,30,0.714188972841525
6.15,359.993985139751,436.157140741647,76.1631556018964,158.085468767921,9.18052425977498,42.74178890625,30,0.714217762693384
6.2,360.489008174795,436.207689906649,75.7186817318538,158.646427837194,9.13497610534016,43.79277,30,0.714247259835851
6.25,361.008412071954,436.259474637488,75.2510625655343,159.201891139734,9.0899887304495,44.86083984375,30,0.714277475613068
6.3,361.552247691607,436.312514811063,74.7602671194557,159.751957096959,9.04555372750363,45.94613625,30,0.714308421451135
6.35,362.120567558413,436.366830457549,74.2462628991358,160.296722780038,9.00166284965175,47.04879703125,30,0.714340108857724
6.4,362.713425836133,436.422441760142,73.7090159240096,160.836283931723,8.95830800771351,48.16896,30,0.714372549421667
6.45,363.330878302641,436.4793690548,73.1484907521589,161.370734988059,8.9154812671498,49.30676296875,30,0.71440575481255
6.5,363.97298232514,436.537632829978,72.5646505048376,161.90016909992,8.87317484508278,50.46234375,30,0.714439736780286
6.55,364.639796835571,436.597253726356,71.9574568907851,162.424678154399,8.83138110736438,51.63584015625,30,0.714474507154689
6.6,365.331382306251,436.658252536565,71.3268702303137,162.944352796008,8.79009256569393,52.82739,30,0.714510077845029
6.65,366.047800725734,436.720650204896,70.6728494791618,163.459282447696,8.74930187478435,54.03713109375,30,0.714546460839585
6.7,366.789115574916,436.78446782702,69.9953522521047,163.969555331682,8.70900182957688,55.26520125,30,0.714583668205182
6.75,367.555391803372,436.849726649686,69.2943348463144,164.475258490068,8.669185362504,56.51173828125,30,0.714621712086727
6.8,368.346695805958,436.916448070418,68.5697522644604,164.976477805261,8.62984554080037,57.77688,30,0.714660604706722
6.85,369.163095399662,436.98465363721,67.8215582375471,165.473298020158,8.59097556386134,59.06076421875,30,0.714700358364781
6.9,370.004659800726,437.054365048206,67.0497052474806,165.96580275813,8.55256876064889,60.36352875,30,0.714740985437125
6.95,370.871459602025,437.125604151385,66.2541445493598,166.454074542754,8.5146185871443,61.68531140625,30,0.714782498376078
7,371.763566750735,437.198392944223,65.4348261934877,166.938194817335,8.47711862384745,63.02625,30,0.714824909709541
7.05,372.681054526266,437.272753573366,64.5916990471005,167.418243964172,8.44006257332201,64.38648234375,30,0.714868232040466
7.1,373.623997518475,437.348708334283,63.7247108158077,167.894301323594,8.40344425778631,65.76614625,30,0.714912478046311
7.15,374.592471606172,437.426279670916,62.8338080647447,168.366445212744,8.36725761674919,67.16537953125,30,0.714957660478492
7.2,375.586553935898,437.505490175329,61.9189362394317,168.834752944122,8.33149670469044,68.58432,30,0.715003792161817
7.25,376.606322901,437.58636258734,60.9800396863403,169.299300843875,8.29615568878524,70.02310546875,30,0.715050885993915
7.3,377.651858120986,437.66891979415,60.0170616731642,169.760164269836,8.26122884667202,71.48187375,30,0.715098954944652
7.35,378.723240421177,437.753184829971,59.0299444087941,170.217417629307,8.22671056426334,72.96076265625,30,0.715148012055533
7.4,379.820551812638,437.839180875634,58.018629062996,170.671134396595,8.19259533359892,74.45991,30,0.715198070439098
7.45,380.943875472409,437.926931258202,56.9830557857927,171.121387130283,8.15887775074052,75.97945359375,30,0.715249143278303
7.5,382.093295724019,438.016459450566,55.9231637265477,171.568247490256,8.12555251370803,77.51953125,30,0.715301243825895
7.55,383.268898018291,438.107789071044,54.8388910527539,172.01178625446,8.09261442045584,79.08028078125,30,0.715354385403765
7.6,384.470768914434,438.200943882959,53.7301749685254,172.452073335415,8.06005836688944,80.66184,30,0.715408581402302
7.65,385.698996061426,438.295947794221,52.5969517327955,172.889177796467,8.02787934492111,82.26434671875,30,0.715463845279726
7.7,386.953668179675,438.392824856895,51.43915667722,173.323167867784,7.99607244056435,83.88793875,30,0.715520190561417
7.75,388.234875042975,438.491599266764,50.2567242237888,173.754110962105,7.96463283206658,85.53275390625,30,0.715577630839223
7.8,389.542707460736,438.592295362883,49.0495879021475,174.182073690226,7.9335557880789,87.19893,30,0.715636179770768
7.85,390.877257260496,438.694937627125,47.8176803666291,174.607121876242,7.90283666586303,88.88660484375,30,0.715695851078736
7.9,392.23861727072,438.799550683719,46.5609334129994,175.029320572534,7.87247090953429,90.59591625,30,0.715756658550151
7.95,393.626881303863,438.906159298782,45.2792779949183,175.448734074508,7.84245404834018,92.32700203125,30,0.715818616035645
8,395.042144139719,439.014788379837,43.972644240118,175.865425935092,7.81278169497389,94.08,30,0.715881737448709
8.05,396.484501509032,439.125462975334,42.6409614663016,176.279458978974,7.78344954392219,95.85504796875,30,0.715946036764932
8.1,397.954050077382,439.238208274147,41.2841581967651,176.690895316612,7.75445336984706,97.65228375,30,0.716011528021239
8.15,399.450887429336,439.353049605079,39.9021621757436,177.099796357994,7.72578902600033,99.4718451562499,30,0.716078225315097
8.2,400.975112052861,439.470012436347,38.4949003834866,177.506222826157,7.69745244267096,101.31387,30,0.716146142803729
8.25,402.526823324,439.589122375065,37.0622990510644,177.910234770478,7.66943962566412,103.17849609375,30,0.716215294703302
8.3,404.106121491804,439.710405166712,35.6042836749082,178.31189157972,7.64174665481159,105.06586125,30,0.716285695288106
8.35,405.713107663514,439.833886694602,34.1207790310876,178.711251994851,7.61436968251289,106.97610328125,30,0.716357358889724
8.4,407.347883790004,439.959592979332,32.6117091893282,179.108374121635,7.58730493230655,108.90936,30,0.716430299896188
8.45,409.010552651465,440.087550178237,31.0769975267723,179.503315442993,7.56054869747084,110.86576921875,30,0.716504532751115
8.5,410.701217843332,440.217784584819,29.5165667414869,179.896132831141,7.53409733965361,112.84546875,30,0.716580071952846
8.55,412.419983762459,440.350322628181,27.9303388657218,180.286882559502,7.50794728753033,114.84859640625,30,0.716656932053554
8.6,414.166955593529,440.485190872447,26.3182352789187,180.675620314409,7.48209503549025,116.87529,30,0.716735127658355
8.65,415.942239295692,440.622416016173,24.6801767204804,181.06240120658,7.45653714234949,118.92568734375,30,0.716814673424397
8.7,417.745941589452,440.762024891748,23.0160833022959,181.447279782387,7.4312702300913,120.99992625,30,0.716895584059939
8.75,419.578169943757,440.904044464789,21.3258745210319,181.830310034914,7.4062909826321,123.09814453125,30,0.716977874323418
8.8,421.439032563338,441.048501833528,19.6094692701896,182.211545414803,7.38159614461354,125.22048,30,0.717061559022502
8.85,423.328638376251,441.195424228182,17.8667858519311,182.591038840901,7.35718252021949,127.36707046875,30,0.717146653013129
8.9,425.247097021645,441.344839010324,16.0977419886791,182.968842710697,7.33304697201783,129.53805375,30,0.717233171198541
8.95,427.194518837745,441.49677367224,14.3022548344952,183.345008910571,7.30918641982622,131.73356765625,30,0.717321128528289
9,429.171014850042,441.651255836277,12.4802409862356,183.719588825837,7.28559783960167,133.95375,30,0.717410539997246
9.05,431.176696759688,441.808313254181,10.6316164944926,184.092633350596,7.26227826235314,136.19873859375,30,0.717501420644588
9.1,433.211676932106,441.967973806428,8.75629687432212,184.464192897399,7.23922477307683,138.46867125,30,0.717593785552776
9.15,435.276068385786,442.130265501546,6.85419711576037,184.834317406724,7.21643450971372,140.76368578125,30,0.717687649846517
9.2,437.369984781288,442.295216475424,4.92523169413653,185.203056356265,7.19390466212874,143.08392,30,0.717783028691717
9.25,439.493540410437,442.462854990618,2.96931458018054,185.570458770042,7.17163247111133,145.42951171875,30,0.717879937294415
9.3,441.646850185707,442.633209435639,0.986359249931354,185.936573227328,7.14961522739671,147.80059875,30,0.717978390899717
9.35,443.830029629792,442.806308324241,-1.02372130555102,186.301447871407,7.12785027070759,150.19731890625,30,0.7180784047907
9.4,446.04319486536,442.982180294693,-3.0610145706662,186.66513041815,7.10633498881584,152.61981,30,0.718179994287316
9.45,448.286462604993,443.160854109047,-5.12560849594593,187.027668164428,7.08506681662361,155.06820984375,30,0.718283174745281
9.5,450.5599501413,443.342358652389,-7.2175914889109,187.389107996353,7.06404323526364,157.54265625,30,0.718387961554947
9.55,452.8637753372,443.526722932087,-9.3370524051133,187.749496397355,7.04326177121824,160.04328703125,30,0.718494370140167
9.6,455.198056616389,443.71397607703,-11.4840805393594,188.108879456097,7.02271999545655,162.57024,30,0.718602415957141
9.65,457.562912953961,443.904147336852,-13.6587656171085,188.467302874231,7.00241552258968,165.12365296875,30,0.718712114493257
9.7,459.958463867202,444.097266081154,-15.8611977860485,188.824811973995,6.98234601004346,167.70366375,30,0.718823481265915
9.75,462.384829406545,444.293361798706,-18.0914676078395,189.181451705659,6.96250915724823,170.31041015625,30,0.718936531821339
9.8,464.842130146684,444.492464096654,-20.3496660500299,189.537266654816,6.94290270484547,172.94403,30,0.719051281733378
9.85,467.330487177836,444.694602699703,-22.6358844781333,189.892301049527,6.92352443391075,175.60466109375,30,0.719167746602291
9.9,469.850022097174,444.899807449301,-24.9502146478725,190.24659876732,6.9043721651929,178.29244125,30,0.71928594205353
9.95,472.400857000387,445.108108302807,-27.2927486975797,190.600203342039,6.88544375836859,181.00750828125,30,0.719405883736497
10,474.983114473409,445.319535332655,-29.6635791407542,190.953157970558,6.86673711131266,183.75,30,0.719527587323298
10.05,477.59691758428,445.534118725505,-32.0627988587753,191.305505519358,6.84825015938315,186.52005421875,30,0.719651068507487
10.1,480.242389875148,445.751888781383,-34.4905010937647,191.657288530956,6.82998087472113,189.31780875,30,0.719776343002787
10.15,482.919655354417,445.972875912818,-36.9467794415991,192.008549230216,6.81192726556502,192.14340140625,30,0.719903426541814
10.2,485.628838489028,446.197110643962,-39.4317278450664,192.359329530512,6.79408737557883,194.99697,30,0.720032334874779
10.25,488.370064196875,446.424623609708,-41.9454405871668,192.709671039777,6.77645928319418,197.87865234375,30,0.720163083768182
10.3,491.143457839345,446.655445554791,-44.4880122845542,193.059615066412,6.75904110096593,200.78858625,30,0.720295689003492
10.35,493.949145214001,446.889607332887,-47.0595378811131,193.409202625078,6.74183097494074,203.72690953125,30,0.720430166375824
10.4,496.787252547375,447.127139905699,-49.660112641676,193.758474442363,6.72482708403871,206.69376,30,0.720566531692596
10.45,499.657906487897,447.36807434203,-52.2898321458675,194.10747096233,6.70802763944748,209.68927546875,30,0.720704800772175
10.5,502.561234098938,447.612441816855,-54.9487922820833,194.456232351945,6.69143088402866,212.71359375,30,0.720844989442524
10.55,505.497362851976,447.86027361038,-57.6370892415958,194.804798506391,6.67503509173654,215.76685265625,30,0.720987113539821
10.6,508.466420619874,448.11160110709,-60.3548195127846,195.153209054263,6.65883856704817,218.84919,30,0.721131188907083
10.65,511.468535670279,448.366455794787,-63.1020798754921,195.501503362663,6.64283964440533,221.96074359375,30,0.721277231392769
10.7,514.503836659125,448.624869263627,-65.8789673954974,195.84972054217,6.6270366876676,225.10165125,30,0.721425256849381
10.75,517.57245262425,448.886873205138,-68.6855794191125,196.197899451714,6.61142808957656,228.27205078125,30,0.721575281132046
10.8,520.674512979124,449.152499411233,-71.5220135678911,196.54607870334,6.59601227123064,231.47208,30,0.721727320097099
10.85,523.810147506672,449.421779773217,-74.388367733455,196.894296666866,6.58078768157068,234.70187671875,30,0.721881389600647
10.9,526.979486353214,449.694746280783,-77.284740072431,197.242591474445,6.56575279687569,237.96157875,30,0.722037505497127
10.95,530.182660022491,449.971431020993,-80.2112290014981,197.591001025021,6.55090612026879,241.25132390625,30,0.722195683637858
11,533.419799369807,450.251866177265,-83.1679331925425,197.93956298869,6.53624618123297,244.57125,30,0.722355939869578
11.05,536.691035596253,450.536084028334,-86.1549515679193,198.288314810967,6.52177153513657,247.92149484375,30,0.722518290032978
11.1,539.996500243033,450.824116947216,-89.1723832958173,198.637293716951,6.50748076276809,251.30219625,30,0.722682749961219
11.15,543.336325185888,451.115997400162,-92.2203277857269,198.986536715404,6.49337246988044,254.71349203125,30,0.722849335478456
11.2,546.710642629604,451.411757945598,-95.2988846840055,199.336080602738,6.47944528674405,258.15552,30,0.723018062398333
11.25,550.119585102609,451.711431233064,-98.4081538695445,199.685961966914,6.46569786770886,261.62841796875,30,0.723188946522488
11.3,553.563285451667,452.015050002137,-101.54823544953,200.036217191245,6.45212889077512,265.13232375,30,0.723362003639041
11.35,557.04187683665,452.322647081352,-104.719229755298,200.386882458124,6.43873705717238,268.66737515625,30,0.723537249521077
11.4,560.555492725398,452.634255387113,-107.921237338285,200.737993752662,6.42552109094709,272.23371,30,0.723714699925121
11.45,564.104266888658,452.949907922594,-111.154358966064,201.089586866244,6.41247973855793,275.83146609375,30,0.723894370589609
11.5,567.688333395109,453.269637776634,-114.418695618475,201.441697400005,6.3996117684794,279.46078125,30,0.724076277233344
11.55,571.307826606465,453.593478122624,-117.714348483841,201.794360768222,6.38691597081302,283.12179328125,30,0.72426043555396
11.6,574.962881172654,453.921462217385,-121.041418955268,202.147612201638,6.37439115690601,286.81464,30,0.724446861226361
11.65,578.653632027073,454.253623400041,-124.400008627032,202.501486750696,6.36203615897766,290.53945921875,30,0.724635569901174
11.7,582.380214381922,454.589995090878,-127.790219291044,202.856019288709,6.34984982975266,294.29638875,30,0.724826577203177
11.75,586.14276372361,454.930610790208,-131.212152933401,203.21124451495,6.33783104210179,298.08556640625,30,0.725019898729739
11.8,589.941415808224,455.275504077209,-134.665911731015,203.567196957675,6.32597868868936,301.90713,30,0.725215550049242
11.85,593.776306657086,455.624708608773,-138.151598048313,203.923910977065,6.3142916816277,305.76121734375,30,0.725413546699505
11.9,597.647572552362,455.978258118337,-141.669314434025,204.281420768113,6.30276895213793,309.64796625,30,0.725613904186199
11.95,601.555350032748,456.336186414711,-145.219163618037,204.63976036343,6.29140945021768,313.56751453125,30,0.725816637981266
12,605.499775889221,456.698527380899,-148.801248508322,204.998963635992,6.28021214431481,317.52,30,0.726021763521322
12.05,609.480987160852,457.065314972912,-152.41567218794,205.359064301818,6.26917602100769,321.50556046875,30,0.726229296206064
12.1,613.499121130686,457.436583218576,-156.06253791211,205.720095922581,6.25830008469124,325.52433375,30,0.726439251396676
12.15,617.554315321685,457.812366216331,-159.741949105354,206.082091908166,6.24758335726931,329.57645765625,30,0.726651644414226
12.2,621.646707492726,458.192698134027,-163.454009358699,206.445085519153,6.23702487785258,333.66207,30,0.726866490538061
12.25,625.776435634671,458.57761320771,-167.198822426961,206.809109869252,6.22662370246246,337.78130859375,30,0.727083805004205
12.3,629.94363796648,458.967145740404,-170.976492226075,207.174197927665,6.21637890374035,341.93431125,30,0.727303603003746
12.35,634.148452931398,459.36133010089,-174.787122830508,207.540382521404,6.20628957066255,346.12121578125,30,0.727525899681233
12.4,638.391019193189,459.760200722472,-178.630818470717,207.907696337543,6.19635480826049,350.34216,30,0.727750710133062
12.45,642.671475632424,460.163792101741,-182.507683530683,208.276171925414,6.1865737373462,354.59728171875,30,0.727978049405863
12.5,646.989961342831,460.572138797339,-186.417822545492,208.645841698751,6.17694549424291,358.88671875,30,0.728207932494891
12.55,651.346615627695,460.985275428707,-190.361340198987,209.016737937784,6.1674692305207,363.21060890625,30,0.728440374342409
12.6,655.741577996306,461.403236674837,-194.338341321469,209.388892791268,6.15814411273713,367.56909,30,0.728675389836081
12.65,660.174988160469,461.826057273011,-198.348930887459,209.762338278474,6.14896932218258,371.96229984375,30,0.728912993807352
12.7,664.646986031052,462.253772017543,-202.393214013509,210.137106291122,6.13994405463044,376.39037625,30,0.729153201029846
12.75,669.157711714591,462.686415758513,-206.471295956078,210.513228595264,6.13106752009188,380.85345703125,30,0.729396026217748
12.8,673.707305509944,463.124023400493,-210.583282109451,210.890736833124,6.12233894257504,385.35168,30,0.729641484024197
12.85,678.295907904989,463.566629901273,-214.729278003717,211.269662524882,6.11375755984886,389.88518296875,30,0.729889589039681
12.9,682.923659573373,464.014270270581,-218.909389302792,211.650037070419,6.10532262321112,394.45410375,30,0.730140355790431
12.95,687.590701371299,464.466979568802,-223.123721802497,212.031891751014,6.09703339726071,399.05858015625,30,0.730393798736818
13,692.297174334368,464.924792905685,-227.372381428683,212.415257730991,6.0888891596742,403.69875,30,0.730649932271754
13.05,697.043219674461,465.387745439057,-231.655474235404,212.800166059332,6.08088920098631,408.37475109375,30,0.730908770719098
13.1,701.828978776662,465.855872373527,-235.973106403135,213.186647671239,6.07303282437458,413.08672125,30,0.731170328332061
13.15,706.654593196227,466.329208959187,-240.32538423704,213.574733389658,6.06531934544773,417.83479828125,30,0.73143461929162
13.2,711.520204655591,466.807790490309,-244.712414165282,213.964453926756,6.05774809203803,422.61912,30,0.731701657704933
13.25,716.425955041423,467.291652304045,-249.134302737378,214.355839885369,6.0503184039974,427.43982421875,30,0.731971457603762
13.3,721.371986401714,467.780829779117,-253.591156622598,214.748921760399,6.04302963299706,432.29704875,30,0.732244032942898
13.35,726.358440942912,468.275358334509,-258.083082608402,215.143729940179,6.03588114233094,437.19093140625,30,0.732519397598595
13.4,731.385461027084,468.775273428155,-262.610187598928,215.540294707794,6.0288723067225,442.12161,30,0.732797565367006
13.45,736.453189169132,469.280610555624,-267.172578613508,215.938646242377,6.02200251213517,447.08922234375,30,0.733078549962632
13.5,741.561768034037,469.791405248805,-271.770362785232,216.338814620354,6.01527115558592,452.09390625,30,0.733362365016766
13.55,746.711340434136,470.307693074586,-276.40364735955,216.740829816662,6.00867764496242,457.13579953125,30,0.733649024075962
13.6,751.90204932645,470.82950963354,-281.072539692909,217.144721705934,6.00222139884328,462.21504,30,0.733938540600493
13.65,757.134037810031,471.356890558602,-285.777147251429,217.550520063642,5.99590184632158,467.33176546875,30,0.734230927962829
13.7,762.407449123358,471.889871513743,-290.517577609615,217.958254567216,5.9897184268314,472.48611375,30,0.73452619944612
13.75,767.722426641756,472.428488192651,-295.293938449105,218.367954797123,5.98367058997758,477.67822265625,30,0.734824368242688
13.8,773.07911387486,472.97277631741,-300.106337557451,218.779650237918,5.97775779536836,482.90823,30,0.735125447452526
13.85,778.477654464101,473.522771637166,-304.954882826935,219.193370279266,5.97197951245096,488.17627359375,30,0.73542945008181
13.9,783.918192180237,474.078509926814,-309.839682253423,219.609144216927,5.96633522035012,493.48249125,30,0.735736389041421
13.95,789.400870920904,474.640026985664,-314.76084393524,220.027001253719,5.96082440770942,498.82702078125,30,0.736046277145472
14,794.92583470821,475.20735863612,-319.718476072089,220.446970500446,5.95544657253535,504.21,30,0.736359127109851
