Algorithm,Scenario,Seed,TailErr,FinalErr,RegretPercent,MOE_energy,MOE_overall,MOE_instant,MOE_avail,EnergyExcessPercent,TSearchOrRecovery,SearchSteps,BudgetUtilization,EnergyOn
ea_multistart,static_wind,11,0.239384093863357,0.244922019095569,0.52405345966206,0.947608226587616,0.883853289386284,0.994806777451111,0.558035714285714,5.52884324369464,153,181,1,1
ea_multistart,static_wind,12,0.647201361267347,1.08637185629825,2.84630904819457,0.946372973750792,0.833363988550067,0.972612397637505,0.341968911917098,5.66658471201538,146,210,1,1
ea_multistart,static_wind,13,0.195890912228365,0.300912733193652,0.378869155420267,0.948207422388379,0.897975291627331,0.996238601443805,0.625,5.462156948863,152,181,1,1
ea_multistart,static_wind,14,0.519957966613732,0.0617171707644779,1.81603417925926,0.948899955202347,0.837026474274942,0.982231733098608,0.33953488372093,5.38518781853626,155,187,1,1
ea_multistart,static_wind,15,0.261140910118395,0.21818130841936,0.606111219275495,0.947569322463699,0.881805908053735,0.993999394168189,0.549107142857143,5.53317591582437,152,181,1,1
ea_multistart,static_wind,16,0.162576334798799,0.350969628051767,0.281906353477886,0.945567034807578,0.868561139314935,0.997197548077411,0.483091787439614,5.75664793596562,287,195,1,1
ea_multistart,static_wind,17,0.837635466717358,1.26102888104305,3.59016351231807,0.947696979746845,0.824204370777514,0.965531211637187,0.303482587064677,5.5189603186376,111,202,1,1
ea_multistart,static_wind,18,0.460524395694372,0.00228359984511872,1.52265835607358,0.94635182282894,0.849523728743411,0.985062672616333,0.404145077720207,5.66894635556243,155,210,1,1
ea_multistart,static_wind,19,0.164540062005207,0.347696749374421,0.287255212478231,0.955428408688399,0.926625020642916,0.997144581460838,0.748837209302326,4.66508959816134,111,187,1,1
ea_multistart,static_wind,20,0.122876393485262,0.46104407528687,0.186494392013982,0.948192244293765,0.916396853015542,0.998145293371721,0.714285714285714,5.46384512402568,152,181,1,1
ea_multistart,static_wind,21,0.267538244702399,0.210504506918555,0.631096808867247,0.954525659779338,0.913063392009256,0.993753811716452,0.688372093023256,4.76407729376018,146,187,1,1
ea_multistart,static_wind,22,0.640799739802674,0.173091681255254,2.63596950326885,0.946421180459935,0.854676581018988,0.974489399348547,0.44559585492228,5.66120250119791,157,210,1,1
ea_multistart,static_wind,23,0.161189226598054,0.58371256128037,0.27760881495804,0.948046568438544,0.906233255104247,0.997247521997536,0.665178571428571,5.48005058939501,189,181,1,1
ea_multistart,static_wind,24,0.512929646606882,0.0546888507576284,1.78089122043383,0.949166042184512,0.839121498473428,0.982570118402355,0.348837209302326,5.3556443821456,155,187,1,1
ea_multistart,static_wind,25,0.160437301704873,0.0175889914552787,13.5296946803119,0.929867635327124,0.833737140215245,0.896011075172276,0.5,7.54218794250252,146,262,1,1
ea_multistart,static_wind,26,0.63645626615089,1.0450833651128,3.5602840787894,0.94632896404159,0.835569030516462,0.966218961306799,0.362694300518135,5.6714988125473,152,210,1,1
ea_multistart,static_wind,27,0.652446283618732,0.194205487769478,2.48040169200206,0.945963135567846,0.810394047661283,0.975871056955543,0.223255813953488,5.71236472124434,159,187,1,1
ea_multistart,static_wind,28,0.125661139611051,0.478677579870304,0.186779195404451,0.947818030276817,0.914423378265699,0.998143115186206,0.705357142857143,5.50548397016069,154,181,1,1
ea_multistart,static_wind,29,0.464507204386826,0.00626640853757188,1.54198552537939,0.949829575694013,0.844796116583752,0.984875746951944,0.372093023255814,5.28204486255643,154,187,1,1
ea_multistart,static_wind,30,0.278832131956998,0.196951842213037,0.676704366704132,0.953995775219342,0.897780336780563,0.993305838321576,0.613953488372093,4.8222671395039,146,187,1,1
multistart,static_wind,11,2.52425028807219,2.06600949222293,7.64792233470403,0.915753089321097,0.739371541449316,0.929089435662674,0.013840830449827,9.19974081019591,20,205,1,1
multistart,static_wind,12,2.18091289211448,1.72267209626523,5.61349949390155,0.920357308806483,0.745712314527697,0.946930382233034,0.00727272727272727,8.65345343938186,20,233,1,1
multistart,static_wind,13,2.44242197918338,1.98418118333413,7.14063904262224,0.898320031763358,0.731387055321941,0.933484070861481,0.0109090909090909,11.3189024669805,20,233,1,1
multistart,static_wind,14,2.50843894219855,2.05019814634929,7.55074877665948,0.911294945922664,0.736080602003856,0.92992861195993,0.00727272727272727,9.73395654987683,20,233,1,1
multistart,static_wind,15,4.86653061412683,5.32477140997609,11.0619961049759,0.892414068600378,0.719095706359557,0.900401686564676,0.013840830449827,12.0556068292777,20,205,1,1
multistart,static_wind,16,2.50390821720389,2.04566742135464,7.52279562675645,0.912032667338267,0.736521951440981,0.930170241057674,0.00727272727272727,9.64519537644004,20,233,1,1
multistart,static_wind,17,2.72909773959196,2.2708569437427,8.79625597527655,0.905582810655949,0.730024796795168,0.919262820042158,0.00727272727272727,10.4261242851618,20,233,1,1
multistart,static_wind,18,1.19622628398638,0.737985488137125,4.17695834593481,0.930735043088813,0.755525348481276,0.959920029183505,0.0109090909090909,7.44196293300814,20,233,1,1
multistart,static_wind,19,2.64536124442724,2.18712044857799,8.35924580739055,0.911215223447844,0.733886720929214,0.922983420534363,0.0069204152249135,9.74355720443447,20,205,1,1
multistart,static_wind,20,2.72332933527607,2.26508853942682,8.76803935648011,0.906183832080903,0.730397176488944,0.919502383313157,0.00727272727272727,10.3528847677257,20,233,1,1
multistart,static_wind,21,2.5147082308983,2.05646743504905,7.5893526517729,0.912004001537615,0.736335072126181,0.929595086342762,0.00727272727272727,9.64864170705677,20,233,1,1
multistart,static_wind,22,2.86539782778445,2.4071570319352,9.36430496204405,0.907172720810997,0.72930771071229,0.914457557539363,0.0069204152249135,10.2325915516967,20,205,1,1
multistart,static_wind,23,2.38602052473521,1.92777972888596,6.79027478417462,0.915147852569599,0.73999036522334,0.936539644946649,0.00727272727272727,9.2719605025733,20,233,1,1
multistart,static_wind,24,1.35140857589641,0.893167780047154,4.24230078152181,0.934049573243559,0.758969648834246,0.959308710258396,0.0207612456747405,7.06069877291667,20,205,1,1
multistart,static_wind,25,1.1908995075177,0.732658711668447,4.172069259831,0.917075875010471,0.747982150143915,0.959965557280448,0.00727272727272727,9.04223164616366,20,233,1,1
multistart,static_wind,26,4.27423555332819,3.81599475747893,9.07752795515483,0.902321244660614,0.729669776011398,0.916829820228782,0.0173010380622837,10.8252749137172,20,205,1,1
multistart,static_wind,27,0.12418701919008,0.428236871369982,0.197498406000928,0.941726242733988,0.889047609679631,0.998035139841611,0.593869731800766,6.1879721113891,20,261,1,1
multistart,static_wind,28,5.0434101514177,5.50165094726696,11.3422357818252,0.891200821232235,0.716428186700586,0.898145643464952,0.0069204152249135,12.2081551290911,20,205,1,1
multistart,static_wind,29,2.50516800286627,2.04692720701701,7.53057248217288,0.912098086623931,0.736534490865922,0.930103006998037,0.00727272727272727,9.63733118895489,20,233,1,1
multistart,static_wind,30,4.97014546676715,5.4283862626164,11.2599358070939,0.891661539563511,0.718932443749498,0.898804887850954,0.0173010380622837,12.1501775762947,20,205,1,1
tracker,static_wind,11,0.805023580873884,1.24094873542841,0.248278367745974,0.996225974714225,0.880371278081249,0.99752763574712,0.415,0.378832251072097,2,238,1,1
tracker,static_wind,12,0.805023580873884,1.24094873542841,0.248278367745974,0.996225974714225,0.880371278081249,0.99752763574712,0.415,0.378832251072097,2,238,1,1
tracker,static_wind,13,0.805023580873884,1.24094873542841,0.248278367745974,0.996225974714225,0.880371278081249,0.99752763574712,0.415,0.378832251072097,2,238,1,1
tracker,static_wind,14,0.805023580873884,1.24094873542841,0.248278367745974,0.996225974714225,0.880371278081249,0.99752763574712,0.415,0.378832251072097,2,238,1,1
tracker,static_wind,15,0.805023580873884,1.24094873542841,0.248278367745974,0.996225974714225,0.880371278081249,0.99752763574712,0.415,0.378832251072097,2,238,1,1
tracker,static_wind,16,0.805023580873884,1.24094873542841,0.248278367745974,0.996225974714225,0.880371278081249,0.99752763574712,0.415,0.378832251072097,2,238,1,1
tracker,static_wind,17,0.805023580873884,1.24094873542841,0.248278367745974,0.996225974714225,0.880371278081249,0.99752763574712,0.415,0.378832251072097,2,238,1,1
tracker,static_wind,18,0.805023580873884,1.24094873542841,0.248278367745974,0.996225974714225,0.880371278081249,0.99752763574712,0.415,0.378832251072097,2,238,1,1
tracker,static_wind,19,0.805023580873884,1.24094873542841,0.248278367745974,0.996225974714225,0.880371278081249,0.99752763574712,0.415,0.378832251072097,2,238,1,1
tracker,static_wind,20,0.805023580873884,1.24094873542841,0.248278367745974,0.996225974714225,0.880371278081249,0.99752763574712,0.415,0.378832251072097,2,238,1,1
tracker,static_wind,21,0.805023580873884,1.24094873542841,0.248278367745974,0.996225974714225,0.880371278081249,0.99752763574712,0.415,0.378832251072097,2,238,1,1
tracker,static_wind,22,0.805023580873884,1.24094873542841,0.248278367745974,0.996225974714225,0.880371278081249,0.99752763574712,0.415,0.378832251072097,2,238,1,1
tracker,static_wind,23,0.805023580873884,1.24094873542841,0.248278367745974,0.996225974714225,0.880371278081249,0.99752763574712,0.415,0.378832251072097,2,238,1,1
tracker,static_wind,24,0.805023580873884,1.24094873542841,0.248278367745974,0.996225974714225,0.880371278081249,0.99752763574712,0.415,0.378832251072097,2,238,1,1
tracker,static_wind,25,0.805023580873884,1.24094873542841,0.248278367745974,0.996225974714225,0.880371278081249,0.99752763574712,0.415,0.378832251072097,2,238,1,1
tracker,static_wind,26,0.805023580873884,1.24094873542841,0.248278367745974,0.996225974714225,0.880371278081249,0.99752763574712,0.415,0.378832251072097,2,238,1,1
tracker,static_wind,27,0.805023580873884,1.24094873542841,0.248278367745974,0.996225974714225,0.880371278081249,0.99752763574712,0.415,0.378832251072097,2,238,1,1
tracker,static_wind,28,0.805023580873884,1.24094873542841,0.248278367745974,0.996225974714225,0.880371278081249,0.99752763574712,0.415,0.378832251072097,2,238,1,1
tracker,static_wind,29,0.805023580873884,1.24094873542841,0.248278367745974,0.996225974714225,0.880371278081249,0.99752763574712,0.415,0.378832251072097,2,238,1,1
tracker,static_wind,30,0.805023580873884,1.24094873542841,0.248278367745974,0.996225974714225,0.880371278081249,0.99752763574712,0.415,0.378832251072097,2,238,1,1
grid,static_wind,11,0.742681528939358,1.20092232478861,2.8224805766788,0.915454552001121,0.751175595689573,0.972582265072161,0.00836820083682008,9.23535175111298,274,161,1,1
grid,static_wind,12,0.867681528939358,1.32592232478861,3.36253857473586,0.913291264017897,0.746891486980229,0.967486183237603,0,9.49409453460012,NaN,161,1,1
grid,static_wind,13,2.11768152893936,2.57592232478861,5.23452796600291,0.901569349100049,0.735870307405667,0.950285442852141,0,10.917701560973,NaN,161,1,1
grid,static_wind,14,1.86768152893936,2.32592232478861,4.46064023759295,0.905638989810129,0.740010838479856,0.95730447858264,0,10.4192742639818,NaN,161,1,1
grid,static_wind,15,0.992681528939358,1.45092232478861,3.78553895116394,0.911541228653023,0.744830253583615,0.963532130857011,0,9.70430832598669,NaN,161,1,1
grid,static_wind,16,0.742681528939358,1.20092232478861,2.8224805766788,0.915454552001121,0.751175595689573,0.972582265072161,0.00836820083682008,9.23535175111298,274,161,1,1
grid,static_wind,17,1.74268152893936,2.20092232478861,4.29906030725561,0.906904268920645,0.741087268838872,0.958783781261832,0,10.2652213987429,NaN,161,1,1
grid,static_wind,18,0.617681528939359,1.07592232478861,2.20855972564436,0.917905290967695,0.802692899407855,0.978436829676956,0.251046025104602,8.94370147335757,186,161,1,1
grid,static_wind,19,1.36768152893936,1.82592232478861,4.2699577419867,0.90877283705656,0.742102078625791,0.959052200325035,0,10.0385001865721,NaN,161,1,1
grid,static_wind,20,2.11768152893936,2.57592232478861,5.23452796600291,0.901569349100049,0.735870307405667,0.950285442852141,0,10.917701560973,NaN,161,1,1
grid,static_wind,21,1.86768152893936,2.32592232478861,4.46064023759295,0.905638989810129,0.740010838479856,0.95730447858264,0,10.4192742639818,NaN,161,1,1
grid,static_wind,22,1.49268152893936,1.95092232478861,4.25929193842463,0.908298612621396,0.741894507849292,0.959150671795315,0,10.0959514970467,NaN,161,1,1
grid,static_wind,23,1.61768152893936,2.07592232478861,4.24908849370254,0.907740136084013,0.741643125629242,0.959243525290785,0,10.163686747839,NaN,161,1,1
grid,static_wind,24,0.992681528939358,1.45092232478861,3.78553895116394,0.911541228653023,0.744830253583615,0.963532130857011,0,9.70430832598669,NaN,161,1,1
grid,static_wind,25,0.121879839284554,0.450922324788612,0.188290706452727,0.926873943333631,0.926055028395845,0.998127134703458,0.815899581589958,7.88953634874668,173,161,1,1
grid,static_wind,26,1.49268152893936,1.95092232478861,4.25929193842463,0.908298612621396,0.741894507849292,0.959150671795315,0,10.0959514970467,NaN,161,1,1
grid,static_wind,27,1.49268152893936,1.95092232478861,4.25929193842463,0.908298612621396,0.741894507849292,0.959150671795315,0,10.0959514970467,NaN,161,1,1
grid,static_wind,28,0.992681528939358,1.45092232478861,3.78553895116394,0.911541228653023,0.744830253583615,0.963532130857011,0,9.70430832598669,NaN,161,1,1
grid,static_wind,29,0.742681528939358,1.20092232478861,2.8224805766788,0.915454552001121,0.751175595689573,0.972582265072161,0.00836820083682008,9.23535175111298,274,161,1,1
grid,static_wind,30,1.74268152893936,2.20092232478861,4.29906030725561,0.906904268920645,0.741087268838872,0.958783781261832,0,10.2652213987429,NaN,161,1,1
esc,static_wind,11,1.20198411354946,0.437977941916003,3.90766942177293,0.961648902298597,0.81627678524384,0.963174446981806,0.2325,3.98805609924099,32,400,1,1
esc,static_wind,12,0.934481099619205,0.740895151154177,2.88565740717854,0.963841566970905,0.825068146609184,0.972157877079104,0.2575,3.75149135170956,35,400,1,1
esc,static_wind,13,0.7801953814766,0.878559707576471,2.44277685153992,0.953055383631719,0.799452933802733,0.976417473289578,0.15,4.92569657278399,35,400,1,1
esc,static_wind,14,0.800471473699883,0.555072605783589,2.6564973636243,0.962616581019577,0.820649823706915,0.974471777323755,0.235,3.88352119811062,34,400,1,1
esc,static_wind,15,1.07930969591485,0.0579128719409754,3.06313071226208,0.962492096854024,0.813016851646211,0.970902677397329,0.2025,3.89695700033002,30,400,1,1
esc,static_wind,16,0.732319540763087,0.0797211717734942,2.56682516552251,0.950161684558278,0.803221029201985,0.97546728974282,0.1775,5.2452457567673,32,400,1,1
esc,static_wind,17,1.75493771996093,0.258237651771367,5.43114675086658,0.957311376993724,0.794003187313849,0.94949166272329,0.1525,4.45922027379768,35,400,1,1
esc,static_wind,18,1.03456388143612,0.694405879431419,3.26585671989468,0.93984752624301,0.782013808534589,0.968633484710278,0.1075,6.40023749356941,36,400,1,1
esc,static_wind,19,1.17717563614761,0.786343988757517,3.76235380128403,0.955880914244712,0.810263252339875,0.96440931739173,0.215,4.61554207201098,37,400,1,1
esc,static_wind,20,1.35912336998361,0.167425102204748,4.10128727374151,0.963058501538468,0.821978774919357,0.961498413833742,0.26,3.8358519656406,33,400,1,1
esc,static_wind,21,1.12579210952106,1.12356826855758,3.04000514811598,0.963219728481473,0.812370853419277,0.970869963928469,0.1975,3.81847157309696,33,400,1,1
esc,static_wind,22,4.03963836855949,3.27844159186519,9.6727898449187,0.947117867593961,0.782623550088308,0.911882054304424,0.1775,5.58347954519955,33,400,1,1
esc,static_wind,23,0.744051717308189,0.604815609378694,2.562697041284,0.96757802796006,0.825403335092091,0.975381070373536,0.245,3.3508379792682,32,400,1,1
esc,static_wind,24,0.983900964851311,0.352057119585253,3.04242808880787,0.955949561544705,0.815222191870911,0.970824703661862,0.23,4.60802956843397,30,400,1,1
esc,static_wind,25,1.24473107572984,0.0194597387564173,3.56511605297876,0.948611442291652,0.796054638851544,0.965829725685727,0.16,5.41723991692569,35,400,1,1
esc,static_wind,26,0.797095240783026,0.444105459406155,2.69520541059729,0.966396274375408,0.824933061979177,0.974116415971575,0.2475,3.47722011307529,33,400,1,1
esc,static_wind,27,0.693619629706089,0.096563942059003,2.58877850358863,0.965590338295598,0.827811311913669,0.975053809219567,0.2625,3.56358802897098,33,400,1,1
esc,static_wind,28,0.721892139898951,0.0523478807485631,2.28800796187926,0.955911630843474,0.813831630452054,0.97791938343439,0.2125,4.61218042902388,35,400,1,1
esc,static_wind,29,0.727282112587185,0.260594085260704,2.65470473354646,0.956564220841715,0.812092443042791,0.974367775406444,0.2075,4.54081160594364,36,400,1,1
esc,static_wind,30,0.942768476505631,1.00686448424757,2.6352603896443,0.962917212960666,0.811827459158147,0.974562842259382,0.19,3.85108777163891,34,400,1,1
single_golden,static_wind,11,4.00731847106064,3.54907767521139,8.56091370918826,0.919812573793596,0.736252801698066,0.921155049337562,0,8.71780061406273,NaN,11,1,1
single_golden,static_wind,12,4.00731847106064,3.54907767521139,8.56091370918826,0.919804436360431,0.736248732981484,0.921155049337562,0,8.71876243138096,NaN,10,1,1
single_golden,static_wind,13,3.47256605531049,3.01432525946124,9.34402143521951,0.915876904240671,0.732302110410863,0.914545527635091,0,9.18497839281946,NaN,10,1,1
single_golden,static_wind,14,4.00731847106064,3.54907767521139,8.56091370918826,0.919797929302087,0.736245479452312,0.921155049337562,0,8.71953155610685,NaN,9,1,1
single_golden,static_wind,15,3.47256605531049,3.01432525946124,9.34402143521951,0.915881941237745,0.7323046289094,0.914545527635091,0,9.18437791759223,NaN,7,1,1
single_golden,static_wind,16,4.00731847106064,3.54907767521139,8.56091370918826,0.919797434584438,0.736245232093488,0.921155049337562,0,8.71959003145048,NaN,9,1,1
single_golden,static_wind,17,4.54207088681079,4.08383009096154,10.0573365081121,0.910894939573644,0.728056514455957,0.908696815563782,0,9.78214463108806,NaN,11,1,1
single_golden,static_wind,18,4.00731847106064,3.54907767521139,8.56091370918826,0.919829960525066,0.736261495063802,0.921155049337562,0,8.71574561771939,NaN,9,1,1
single_golden,static_wind,19,4.00731847106064,3.54907767521139,8.56091370918826,0.919807151837977,0.736250090720257,0.921155049337562,0,8.71844146914708,NaN,10,1,1
single_golden,static_wind,20,4.00731847106064,3.54907767521139,8.56091370918826,0.919797148880634,0.736245089241586,0.921155049337562,0,8.71962380150562,NaN,9,1,1
single_golden,static_wind,21,4.00731847106064,3.54907767521139,8.56091370918826,0.919830078545061,0.736261554073799,0.921155049337562,0,8.71573166880431,NaN,9,1,1
single_golden,static_wind,22,4.00731847106064,3.54907767521139,8.56091370918826,0.919798805043314,0.736245917322925,0.921155049337562,0,8.71942804414816,NaN,9,1,1
single_golden,static_wind,23,4.00731847106064,3.54907767521139,8.56091370918826,0.919796006271169,0.736244517936853,0.921155049337562,0,8.71975885761624,NaN,8,1,1
single_golden,static_wind,24,4.54207088681079,4.08383009096154,10.0573365081121,0.910892311125532,0.728055200231901,0.908696815563782,0,9.78246141570382,NaN,11,1,1
single_golden,static_wind,25,4.54207088681079,4.08383009096154,10.0573365081121,0.910892311125532,0.728055200231901,0.908696815563782,0,9.78246141570382,NaN,11,1,1
single_golden,static_wind,26,4.00731847106064,3.54907767521139,8.56091370918826,0.919812630474121,0.736252830038329,0.921155049337562,0,8.7177939146743,NaN,5,1,1
single_golden,static_wind,27,4.00731847106064,3.54907767521139,8.56091370918826,0.919801815494814,0.736247422548675,0.921155049337562,0,8.7190722125334,NaN,10,1,1
single_golden,static_wind,28,4.54207088681079,4.08383009096154,10.0573365081121,0.910895687782187,0.728056888560228,0.908696815563782,0,9.78205445617601,NaN,11,1,1
single_golden,static_wind,29,3.14207088681079,2.68383009096153,9.83193907482927,0.914741965358407,0.730522439018929,0.910504854465753,0,9.32044640678403,NaN,10,1,1
single_golden,static_wind,30,4.00731847106064,3.54907767521139,8.56091370918826,0.919829096516225,0.736261063059381,0.921155049337562,0,8.71584773599955,NaN,9,1,1
spsa,static_wind,11,0.427336175489016,0.307855495111596,2.065087032871,0.972244022375212,0.84762411587613,0.980007015628413,0.3375,2.85483654165132,43,100,1,1
spsa,static_wind,12,0.210630027663606,0.096894682790599,1.3225371125162,0.972745203714651,0.86803445073223,0.987206162916347,0.4275,2.801843296813,51,100,1,1
spsa,static_wind,13,0.227844645697387,0.231429873192689,1.3822939456532,0.97308707494591,0.875530771095534,0.986624112075263,0.465,2.76572628976554,51,100,1,1
spsa,static_wind,14,0.481807097147719,0.783803884038617,2.37181905709245,0.968908644132059,0.834602144703577,0.977159408791826,0.285,3.20890478748822,51,100,1,1
spsa,static_wind,15,0.187209680146851,0.56003018821144,1.29101289586149,0.970327962556804,0.846920914398652,0.987523110400832,0.3275,3.05793902558578,51,100,1,1
spsa,static_wind,16,0.705785767006136,1.0203962239852,3.06003969327235,0.973488300998406,0.869918280468624,0.970580433231403,0.46,2.7233710948969,46,100,1,1
spsa,static_wind,17,0.160267672154577,0.500401701968648,1.20958667343543,0.972419189741771,0.873707619065222,0.988326747314454,0.455,2.83630871841934,51,100,1,1
spsa,static_wind,18,0.465137938823789,0.836953025323897,2.32302879894291,0.96768812182826,0.830124592948167,0.97760177344679,0.265,3.33907975543736,51,100,1,1
spsa,static_wind,19,0.327081039847988,0.708877688145081,1.70432830027852,0.970216963567606,0.84764930813106,0.983469421157526,0.3375,3.06972950904493,51,100,1,1
spsa,static_wind,20,0.388362325914601,0.357739080116123,1.9272765839042,0.970489169817764,0.828128493016518,0.981279693692121,0.2425,3.04082014514162,43,100,1,1
spsa,static_wind,21,0.42932615705662,0.960518391162446,2.03312902744406,0.96958283998953,0.834375056661789,0.980278788890081,0.2775,3.13713885559265,51,100,1,1
spsa,static_wind,22,0.184505662766678,0.446009129237285,1.26329275034345,0.973922305223474,0.881799715202982,0.987795208637483,0.4925,2.67759498233713,51,100,1,1
spsa,static_wind,23,0.38725345145716,0.885193764914938,2.0386323250134,0.973464627341101,0.8553144472182,0.980273778492165,0.3725,2.72586922150186,43,100,1,1
spsa,static_wind,24,0.380334166752759,0.31971793091333,1.86593215464194,0.968199983494678,0.83316924784658,0.981897520330803,0.2725,3.28444712326283,44,100,1,1
spsa,static_wind,25,0.50497312978285,0.0690692716547217,2.38851199872267,0.967959492346507,0.823545555243752,0.976886030234996,0.2325,3.31010831618801,51,100,1,1
spsa,static_wind,26,0.631446039420692,0.889898608999236,2.75565932635205,0.971846082795938,0.845492408706493,0.97356455769508,0.3375,2.89695227489784,43,100,1,1
spsa,static_wind,27,0.550507916590296,0.922602019726313,2.5816813971566,0.969351163728923,0.842216146796348,0.975135216439621,0.325,3.16178877355203,51,100,1,1
spsa,static_wind,28,0.952903447988196,1.32572573967335,3.5307801375403,0.967642387317016,0.833211378039486,0.966300614603259,0.2975,3.34396395890653,59,100,1,1
spsa,static_wind,29,0.553609121266122,0.119599485384873,2.59720208635646,0.971343653808055,0.842147324761233,0.974918326190684,0.32,2.95017588055479,47,100,1,1
spsa,static_wind,30,0.498712776719301,0.14142801939987,2.3563141011162,0.969308797628753,0.831309212919885,0.977182713685027,0.2675,3.16629772125538,51,100,1,1
bayes,static_wind,11,0.781570417828247,1.11758899145528,5.22009394392857,0.935200421056801,0.784846822016762,0.955707534477743,0.152671755725191,6.92895100175142,14,204,1,1
bayes,static_wind,12,1.22771404247071,2.61758899145528,5.64932493047833,0.949076389405646,0.793635301975347,0.95169773670994,0.16793893129771,5.36559661190647,8,204,1,1
bayes,static_wind,13,1.18434819560603,1.78425565812195,5.38685812568639,0.937656709247631,0.781034948655745,0.952478299020764,0.132315521628499,6.64883961662178,16,204,1,1
bayes,static_wind,14,1.32288648747276,0.950922324788612,4.95898875651211,0.922549128122956,0.760391273693849,0.958039583422575,0.0585241730279898,8.39531137324121,18,204,1,1
bayes,static_wind,15,1.38990375116158,1.78425565812195,6.0307572640975,0.943277117708714,0.792084637179792,0.947712542679354,0.180661577608142,6.01338474414285,184,204,1,1
bayes,static_wind,16,0.800523396477351,0.117588991455279,4.643149904683,0.944306587123445,0.814753906203887,0.960492288111711,0.272264631043257,5.89781048189112,8,204,1,1
bayes,static_wind,17,1.41163450758846,2.11758899145528,6.26629774711846,0.947414051655211,0.798158808093378,0.945797713574629,0.203562340966921,5.55047164995256,8,204,1,1
bayes,static_wind,18,1.7367027122693,5.95092232478861,6.12452818130851,0.948287729575301,0.800838986089661,0.946490098996523,0.213740458015267,5.45322572589421,8,204,1,1
bayes,static_wind,19,0.425175134314309,0.450922324788612,3.34802106266367,0.948689121362687,0.797915190111492,0.973394888600919,0.157760814249364,5.40860830823178,8,204,1,1
bayes,static_wind,20,2.63181768248334,2.11758899145528,9.45286308822462,0.943433318616111,0.773441861793057,0.917540327197673,0.132315521628499,5.99583248415099,8,204,1,1
bayes,static_wind,21,0.576014862272692,1.11758899145528,4.28608591054669,0.949925809026941,0.821230843527215,0.964234945143354,0.28498727735369,5.27137914321467,22,204,1,1
bayes,static_wind,22,1.31992203446464,1.61758899145528,6.47167036068287,0.943514865030501,0.782460134478855,0.944072619776901,0.137404580152672,5.98667144133162,8,204,1,1
bayes,static_wind,23,1.33442813245545,2.11758899145528,6.0483816279722,0.943404117242143,0.80896670150931,0.947794780789463,0.264631043256997,5.99911339408859,8,204,1,1
bayes,static_wind,24,1.6038725768999,2.11758899145528,6.79420558910217,0.939954032969802,0.799668674901736,0.941211380473421,0.236641221374046,6.38818122206269,8,204,1,1
bayes,static_wind,25,0.967330931917204,2.61758899145528,4.6774206860634,0.944769107905641,0.812971073729469,0.960564056592221,0.262086513994911,5.84596719263974,8,204,1,1
bayes,static_wind,26,2.4371259733838,2.95092232478861,8.47271967318069,0.942024343368272,0.798059388146615,0.925611162593337,0.246819338422392,6.15436926230934,8,204,1,1
bayes,static_wind,27,2.65998006161719,0.450922324788612,9.61824487255166,0.930454850363851,0.77225176658876,0.916544242348482,0.16030534351145,7.47431749202588,8,204,1,1
bayes,static_wind,28,1.49268152893936,1.95092232478861,6.27674271687705,0.944198017785635,0.796450653339826,0.945463920845414,0.203562340966921,5.90998722336166,8,204,1,1
bayes,static_wind,29,1.81768152893936,1.95092232478861,6.65831536534508,0.94195320741788,0.799409015645262,0.942102950729215,0.229007633587786,6.16238600017513,8,204,1,1
bayes,static_wind,30,1.89152404493764,6.45092232478861,8.17897975208919,0.948508111013001,0.805069609592285,0.929690523797397,0.259541984732824,5.42872416051411,8,204,1,1
qnewton,static_wind,11,0.178858589628524,0.437626780753837,0.563536358131768,0.986167952478484,0.933915671285005,0.994438983485874,0.7125,1.40260566029877,15,270,1,1
qnewton,static_wind,12,0.260316884107036,0.253393401229395,0.786671812488258,0.98787051725535,0.940615177850385,0.992266397409033,0.745,1.22784135499353,18,266,1,1
qnewton,static_wind,13,0.201625903839827,0.00800733127781417,0.654025566822924,0.9863080105852,0.96022152015214,0.993558382865135,0.845,1.38820624671556,18,270,1,1
qnewton,static_wind,14,0.21407413909849,0.128805206695846,0.708235164545343,0.98700312275849,0.935410789046359,0.993030758890379,0.72,1.31680203859799,18,268,1,1
qnewton,static_wind,15,0.1988162698267,0.0622785905279617,0.57596753877976,0.980793678057221,0.927691998965062,0.994317199788173,0.695,1.9582428366406,18,268,1,1
qnewton,static_wind,16,0.3053555152931,0.0927670781385368,1.0332051746994,0.98714746434425,0.927036116335116,0.989874613876637,0.6825,1.30198740512272,15,268,1,1
qnewton,static_wind,17,0.241984038786135,0.023572268651872,0.798610354640534,0.986709300333674,0.944499320411761,0.992148900816414,0.7675,1.34697216919226,18,270,1,1
qnewton,static_wind,18,0.228381851744467,0.213073056600336,0.807649608399918,0.983766409537787,0.923508565336256,0.992084535224542,0.67,1.65014685445907,18,268,1,1
qnewton,static_wind,19,0.318364785456252,0.28630322693236,0.995441684152916,0.988057389752688,0.943098811810059,0.990233723112383,0.76,1.20869601008712,15,270,1,1
qnewton,static_wind,20,0.166419917790528,0.221179621125102,0.632212197086768,0.983932686040994,0.935604597134938,0.993794180381471,0.7275,1.63296881859422,18,266,1,1
qnewton,static_wind,21,0.336648492999835,0.343090147772505,1.00777166169695,0.987165074935778,0.924614823108027,0.990107618800462,0.67,1.30018022214345,15,266,1,1
qnewton,static_wind,22,0.330858268577519,0.219424494123893,1.04427955666714,0.9877347437622,0.945796485998963,0.989763713726211,0.775,1.24175608028962,15,268,1,1
qnewton,static_wind,23,0.186633887991338,0.0857715364345042,0.593820089127399,0.989123765187866,0.965305500631023,0.994145393456966,0.8625,1.09958280196296,18,268,1,1
qnewton,static_wind,24,0.292554013512296,0.0698494124537268,0.997914462061747,0.983508071276926,0.92232174900613,0.990225711225558,0.6675,1.67684731876795,15,268,1,1
qnewton,static_wind,25,0.255782167263567,0.517399663993363,0.733884173323438,0.987292965913436,0.940476832145245,0.992767830628423,0.745,1.28705809980193,15,266,1,1
qnewton,static_wind,26,0.198179800971602,0.00451981280101776,0.623845462853826,0.986885452180303,0.941599215440957,0.993854964502686,0.75,1.32888247473132,15,268,1,1
qnewton,static_wind,27,0.391056627470496,0.197433142281005,1.28525042115166,0.984158093275126,0.899310973295621,0.987439755526861,0.555,1.60969125114388,18,266,1,1
qnewton,static_wind,28,0.333984098521104,0.022120269117365,1.07895809625659,0.979772258076141,0.902715485787908,0.989431189166126,0.58,2.06453507507735,15,270,1,1
qnewton,static_wind,29,0.385573073032808,0.146841380755828,1.67798730961967,0.98466351413122,0.934441686118153,0.983699763508477,0.735,1.55753571130456,15,270,1,1
qnewton,static_wind,30,0.413086791662767,0.146047564511805,1.5428104235929,0.983937637099093,0.920464627892229,0.984986031142276,0.665,1.63245741348643,21,270,1,1
fixed,static_wind,11,0.121879839284554,0.450922324788612,0.188290706452727,0.994091008918601,0.959983644870338,0.998127134703458,0.8175,0.594411480275556,1,0,1,1
fixed,static_wind,12,0.121879839284554,0.450922324788612,0.188290706452727,0.994091008918601,0.959983644870338,0.998127134703458,0.8175,0.594411480275556,1,0,1,1
fixed,static_wind,13,0.121879839284554,0.450922324788612,0.188290706452727,0.994091008918601,0.959983644870338,0.998127134703458,0.8175,0.594411480275556,1,0,1,1
fixed,static_wind,14,0.121879839284554,0.450922324788612,0.188290706452727,0.994091008918601,0.959983644870338,0.998127134703458,0.8175,0.594411480275556,1,0,1,1
fixed,static_wind,15,0.121879839284554,0.450922324788612,0.188290706452727,0.994091008918601,0.959983644870338,0.998127134703458,0.8175,0.594411480275556,1,0,1,1
fixed,static_wind,16,0.121879839284554,0.450922324788612,0.188290706452727,0.994091008918601,0.959983644870338,0.998127134703458,0.8175,0.594411480275556,1,0,1,1
fixed,static_wind,17,0.121879839284554,0.450922324788612,0.188290706452727,0.994091008918601,0.959983644870338,0.998127134703458,0.8175,0.594411480275556,1,0,1,1
fixed,static_wind,18,0.121879839284554,0.450922324788612,0.188290706452727,0.994091008918601,0.959983644870338,0.998127134703458,0.8175,0.594411480275556,1,0,1,1
fixed,static_wind,19,0.121879839284554,0.450922324788612,0.188290706452727,0.994091008918601,0.959983644870338,0.998127134703458,0.8175,0.594411480275556,1,0,1,1
fixed,static_wind,20,0.121879839284554,0.450922324788612,0.188290706452727,0.994091008918601,0.959983644870338,0.998127134703458,0.8175,0.594411480275556,1,0,1,1
fixed,static_wind,21,0.121879839284554,0.450922324788612,0.188290706452727,0.994091008918601,0.959983644870338,0.998127134703458,0.8175,0.594411480275556,1,0,1,1
fixed,static_wind,22,0.121879839284554,0.450922324788612,0.188290706452727,0.994091008918601,0.959983644870338,0.998127134703458,0.8175,0.594411480275556,1,0,1,1
fixed,static_wind,23,0.121879839284554,0.450922324788612,0.188290706452727,0.994091008918601,0.959983644870338,0.998127134703458,0.8175,0.594411480275556,1,0,1,1
fixed,static_wind,24,0.121879839284554,0.450922324788612,0.188290706452727,0.994091008918601,0.959983644870338,0.998127134703458,0.8175,0.594411480275556,1,0,1,1
fixed,static_wind,25,0.121879839284554,0.450922324788612,0.188290706452727,0.994091008918601,0.959983644870338,0.998127134703458,0.8175,0.594411480275556,1,0,1,1
fixed,static_wind,26,0.121879839284554,0.450922324788612,0.188290706452727,0.994091008918601,0.959983644870338,0.998127134703458,0.8175,0.594411480275556,1,0,1,1
fixed,static_wind,27,0.121879839284554,0.450922324788612,0.188290706452727,0.994091008918601,0.959983644870338,0.998127134703458,0.8175,0.594411480275556,1,0,1,1
fixed,static_wind,28,0.121879839284554,0.450922324788612,0.188290706452727,0.994091008918601,0.959983644870338,0.998127134703458,0.8175,0.594411480275556,1,0,1,1
fixed,static_wind,29,0.121879839284554,0.450922324788612,0.188290706452727,0.994091008918601,0.959983644870338,0.998127134703458,0.8175,0.594411480275556,1,0,1,1
fixed,static_wind,30,0.121879839284554,0.450922324788612,0.188290706452727,0.994091008918601,0.959983644870338,0.998127134703458,0.8175,0.594411480275556,1,0,1,1
ea_multistart,jumpUp,11,NaN,0.355713295098289,0.274404729921888,0.920956551780859,0.842993163543334,0.997271847731903,0.416666666666667,8.58275540429068,182,250,1,1
tracker,jumpUp,11,NaN,0.261436326482761,0.298679381527261,0.997132178961952,0.915682597391604,0.997055026368762,0.59,0.287606908948973,21,231,1,1
spsa,jumpUp,11,NaN,0.272900994492403,2.21665912326244,0.970770614539197,0.840457888504694,0.978575270783652,0.3075,3.01094666680634,18,100,1,1
bayes,jumpUp,11,NaN,0.182411008544721,5.7814257262082,0.933533156788565,0.778219301628891,0.94826904352164,0.134860050890585,7.11992313589447,69,204,1,1
qnewton,jumpUp,11,NaN,0.0154890215789365,3.0569685336451,0.973783321099916,0.876075573055843,0.970613041686284,0.49,2.69224973687904,49,270,1,1
ea_multistart,jumpUp,12,NaN,0.794780801001533,2.67704156943518,0.940567244016652,0.871733820213724,0.974851630702297,0.544973544973545,6.31882051617517,67,214,1,1
tracker,jumpUp,12,NaN,0.261436326482761,0.298679381527261,0.997132178961952,0.915682597391604,0.997055026368762,0.59,0.287606908948973,21,231,1,1
spsa,jumpUp,12,NaN,0.363426774140938,2.46150517986998,0.968288232137246,0.825022473161513,0.976261190309632,0.24,3.27503390108937,18,100,1,1
bayes,jumpUp,12,NaN,0.650922324788613,3.16129882627182,0.949813811560368,0.799858744701905,0.972909861715321,0.165394402035623,5.28379223683697,17,204,1,1
qnewton,jumpUp,12,NaN,0.0283470789017883,1.31313815886539,0.97672556632685,0.87251154701408,0.987162546168851,0.44,2.38290411099588,52,270,1,1
ea_multistart,jumpUp,13,NaN,0.328119683944173,0.322174558476721,0.926391699717984,0.848132986503713,0.996799002490953,0.429487179487179,7.94569946000431,180,250,1,1
tracker,jumpUp,13,NaN,0.261436326482761,0.298679381527261,0.997132178961952,0.915682597391604,0.997055026368762,0.59,0.287606908948973,21,231,1,1
spsa,jumpUp,13,NaN,0.961994148750371,2.70917089866644,0.965614639475851,0.820985021674799,0.973925673122912,0.23,3.56098169170407,18,100,1,1
bayes,jumpUp,13,NaN,1.65092232478861,5.75893630595081,0.943584848018019,0.793611988102483,0.948898122890033,0.185750636132316,5.97881071325804,55,204,1,1
qnewton,jumpUp,13,NaN,0.424150315875105,1.13678703710468,0.979966618988165,0.919645810757394,0.988875004211037,0.665,2.04429218543377,61,270,1,1
ea_multistart,jumpUp,14,NaN,0.166497335194954,0.785862480217443,0.932487885208897,0.856431509821326,0.992235201380523,0.462585034013605,7.23999913156825,119,256,1,1
tracker,jumpUp,14,NaN,0.261436326482761,0.298679381527261,0.997132178961952,0.915682597391604,0.997055026368762,0.59,0.287606908948973,21,231,1,1
spsa,jumpUp,14,NaN,1.39862738879239,3.2934456632664,0.966507758766503,0.821802868974749,0.968496631971658,0.24,3.4652842597188,18,100,1,1
bayes,jumpUp,14,NaN,0.650922324788613,2.77970478981517,0.942519866293253,0.798118576541546,0.975873170943199,0.170483460559796,6.0985593792102,189,204,1,1
qnewton,jumpUp,14,NaN,0.204107666590817,0.552247426297489,0.976949124794019,0.915339773863874,0.994550704889549,0.6425,2.35947549580343,61,268,1,1
ea_multistart,jumpUp,15,NaN,0.553472196895839,0.236000263323827,0.92200010807563,0.837220632713865,0.997658339176578,0.384615384615385,8.45985713463409,182,250,1,1
tracker,jumpUp,15,NaN,0.261436326482761,0.298679381527261,0.997132178961952,0.915682597391604,0.997055026368762,0.59,0.287606908948973,21,231,1,1
spsa,jumpUp,15,NaN,0.883445566838992,2.48867518192481,0.967398981402985,0.832004912037846,0.976018071121179,0.2775,3.36996619013744,10,100,1,1
bayes,jumpUp,15,NaN,0.984255658121947,3.79312467753181,0.934464501732481,0.791484161463102,0.967184061616342,0.170483460559796,7.01316081520677,121,204,1,1
qnewton,jumpUp,15,NaN,0.0466374827690039,0.608535658614495,0.975153420380634,0.898776289795357,0.993998598683467,0.565,2.54796620717048,58,268,1,1
ea_multistart,jumpUp,16,NaN,0.0564692628531684,1.2456577991605,0.942956198722931,0.847605593524504,0.987748461660048,0.399014778325123,6.0494645832251,67,199,1,1
tracker,jumpUp,16,NaN,0.261436326482761,0.298679381527261,0.997132178961952,0.915682597391604,0.997055026368762,0.59,0.287606908948973,21,231,1,1
spsa,jumpUp,16,NaN,1.07107546143282,3.18967826055553,0.967980754889129,0.826316563453887,0.969420620031074,0.2575,3.30783901943773,18,100,1,1
bayes,jumpUp,16,NaN,1.98425565812195,6.25033298618787,0.946413297130641,0.801148125814928,0.943859207456281,0.223918575063613,5.66208262625051,41,204,1,1
qnewton,jumpUp,16,NaN,0.465841009934429,1.53686745676926,0.971329667430555,0.899198268871438,0.985111450520534,0.59,2.95165828150662,63,272,1,1
ea_multistart,jumpUp,17,NaN,0.28060923583112,0.42718984801677,0.929715704287969,0.897399270404374,0.995761562067007,0.669064748201439,7.55976212812919,67,264,1,1
tracker,jumpUp,17,NaN,0.261436326482761,0.298679381527261,0.997132178961952,0.915682597391604,0.997055026368762,0.59,0.287606908948973,21,231,1,1
spsa,jumpUp,17,NaN,0.175694416917777,1.94177260886144,0.970068691858484,0.85340230231861,0.981226521297894,0.37,3.08548336759257,10,100,1,1
bayes,jumpUp,17,NaN,0.650922324788613,2.13202161514162,0.928315453775721,0.794269963795121,0.981629424126831,0.178117048346056,7.72200289596794,45,204,1,1
qnewton,jumpUp,17,NaN,0.107394818257832,0.979772238082723,0.97830548803027,0.908281556995557,0.990429376601407,0.61,2.21756008068704,46,268,1,1
ea_multistart,jumpUp,18,NaN,0.624018462988531,0.925197113973276,0.930902074185848,0.87260311517712,0.991258806646569,0.548872180451128,7.42268469802094,67,271,1,1
tracker,jumpUp,18,NaN,0.261436326482761,0.298679381527261,0.997132178961952,0.915682597391604,0.997055026368762,0.59,0.287606908948973,21,231,1,1
spsa,jumpUp,18,NaN,0.928954993084128,2.49176189577904,0.965617355554038,0.819613864200244,0.976017288077418,0.22,3.56069039648058,18,100,1,1
bayes,jumpUp,18,NaN,1.48425565812195,5.39800970831431,0.949855439122709,0.804194902034359,0.951670930550389,0.21882951653944,5.27917815826846,59,204,1,1
qnewton,jumpUp,18,NaN,0.0555944363598311,0.994346659856038,0.975987573529207,0.910100045083514,0.990354194396367,0.625,2.46032092232108,52,270,1,1
ea_multistart,jumpUp,19,NaN,0.0762953404096187,1.15635198861763,0.929333541427011,0.841524005557119,0.988617086666921,0.401360544217687,7.60399312226257,119,256,1,1
tracker,jumpUp,19,NaN,0.261436326482761,0.298679381527261,0.997132178961952,0.915682597391604,0.997055026368762,0.59,0.287606908948973,21,231,1,1
spsa,jumpUp,19,NaN,0.391168380625917,1.07876068883356,0.969403730804094,0.853589090875175,0.989624084910426,0.36,3.15619470233799,18,100,1,1
bayes,jumpUp,19,NaN,0.150922324788613,3.02823286232532,0.951915889779769,0.795628404066987,0.973965143821894,0.137404580152672,5.0512982014992,129,204,1,1
qnewton,jumpUp,19,NaN,0.0381830714094953,1.19871773100557,0.980298802684976,0.908632112212138,0.988275702898834,0.61,2.0097134935862,43,270,1,1
ea_multistart,jumpUp,20,NaN,0.429099709157208,0.197017395738413,0.92432780019741,0.843627162120788,0.998039933236005,0.41025641025641,8.18672767241546,181,250,1,1
tracker,jumpUp,20,NaN,0.261436326482761,0.298679381527261,0.997132178961952,0.915682597391604,0.997055026368762,0.59,0.287606908948973,21,231,1,1
spsa,jumpUp,20,NaN,0.228242330872519,2.293571013197,0.968051218627833,0.8329061651583,0.977935186147945,0.2775,3.3003193175515,18,100,1,1
bayes,jumpUp,20,NaN,2.48425565812195,5.45924252713531,0.953027744554544,0.812224250842125,0.951095663918467,0.251908396946565,4.9287395580924,48,204,1,1
qnewton,jumpUp,20,NaN,0.214287356058021,0.629673105925408,0.980025022649609,0.910158420829257,0.993819698348176,0.61,2.0382109526537,31,266,1,1
ea_multistart,jumpDown,11,NaN,2.43382822646599,5.01634534297372,0.91001440406358,0.742100217626279,0.952410508602633,0.00684931506849315,9.88837050651042,221,261,1,1
tracker,jumpDown,11,NaN,0.937689763444805,0.257727654814607,0.995912058727648,0.871688760137825,0.997442435913336,0.3725,0.410472113127596,23,219,1,1
spsa,jumpDown,11,NaN,0.164452035028991,1.9867203664809,0.969751712678772,0.835599524750231,0.980745561369484,0.2825,3.11917854083207,34,100,1,1
bayes,jumpDown,11,NaN,0.650922324788612,13.2065903017972,0.899578221833674,0.721965240802294,0.890290237870947,0.0254452926208651,11.1632069039676,39,204,1,1
qnewton,jumpDown,11,NaN,0.10300170723239,1.34810971935687,0.983234238326692,0.921683074899828,0.986886519121606,0.67,1.70516454978626,37,268,1,1
ea_multistart,jumpDown,12,NaN,1.64796256322177,4.31775915523963,0.914770472513379,0.746490971506119,0.958673252836444,0.0075187969924812,9.3170396342646,67,271,1,1
tracker,jumpDown,12,NaN,0.937689763444805,0.257727654814607,0.995912058727648,0.871688760137825,0.997442435913336,0.3725,0.410472113127596,23,219,1,1
spsa,jumpDown,12,NaN,0.0496572952521088,1.92324635415448,0.966932399110452,0.826869296199845,0.981343655482064,0.245,3.4198461981385,34,100,1,1
bayes,jumpDown,12,NaN,3.48425565812195,5.55849675844026,0.928814129875489,0.773053077322731,0.955876869103476,0.10941475826972,7.66416744048175,183,204,1,1
qnewton,jumpDown,12,NaN,0.121851581664851,1.19240334515078,0.980075106011322,0.91405961697625,0.988406879901964,0.6375,2.03299664142755,55,270,1,1
ea_multistart,jumpDown,13,NaN,0.390573020505528,0.228503061627895,0.945672633457901,0.918582973483706,0.99772695108728,0.732142857142857,5.744838606934,31,181,1,1
tracker,jumpDown,13,NaN,0.937689763444805,0.257727654814607,0.995912058727648,0.871688760137825,0.997442435913336,0.3725,0.410472113127596,23,219,1,1
spsa,jumpDown,13,NaN,0.480050827469807,2.05588620088092,0.966725190515494,0.837405414263781,0.980142730020114,0.3,3.44201328474355,42,100,1,1
bayes,jumpDown,13,NaN,2.15092232478861,7.22201058198705,0.916609920140843,0.74701132656481,0.941998320884602,0.0305343511450382,9.09766281455293,35,204,1,1
qnewton,jumpDown,13,NaN,0.0115448598669614,0.460498524214722,0.983019898701735,0.941643156604011,0.995444024177144,0.7575,1.72734054729615,40,270,1,1
ea_multistart,jumpDown,14,NaN,0.166497335194954,0.785862480217439,0.921968599282413,0.851171866858084,0.992235201380523,0.462585034013605,8.46356381099321,119,256,1,1
tracker,jumpDown,14,NaN,0.937689763444805,0.257727654814607,0.995912058727648,0.871688760137825,0.997442435913336,0.3725,0.410472113127596,23,219,1,1
spsa,jumpDown,14,NaN,1.028564052979,2.65015277162387,0.966887123763197,0.827304826596469,0.974537549049571,0.2575,3.42468892417613,34,100,1,1
bayes,jumpDown,14,NaN,2.15092232478861,9.5167919496383,0.92798539459073,0.763250403268546,0.921189808714673,0.114503816793893,7.76031668483647,25,204,1,1
qnewton,jumpDown,14,NaN,0.404853595728828,0.962959429801282,0.978514334762798,0.905928732728053,0.990571884488847,0.5975,2.19574353424374,64,270,1,1
ea_multistart,jumpDown,15,NaN,0.00261695806225326,1.52427376980509,0.941239488961254,0.8250624298796,0.985047046568003,0.294642857142857,6.24288629279603,31,181,1,1
tracker,jumpDown,15,NaN,0.937689763444805,0.257727654814607,0.995912058727648,0.871688760137825,0.997442435913336,0.3725,0.410472113127596,23,219,1,1
spsa,jumpDown,15,NaN,0.455915991366025,1.77610146943066,0.965832644342167,0.832261031375773,0.982815697348967,0.2725,3.53760621552657,42,100,1,1
bayes,jumpDown,15,NaN,0.817588991455279,4.01311817127835,0.938391302464013,0.781960359496021,0.9696058553669,0.10941475826972,6.56535257458331,191,204,1,1
qnewton,jumpDown,15,NaN,0.263821443991368,0.523737437930519,0.974928281287408,0.901912330367079,0.994827299077918,0.58,2.57164749385306,64,272,1,1
ea_multistart,jumpDown,16,NaN,0.237644307860566,3.03530848522303,0.916645231570978,0.77061228778718,0.970790134742478,0.105263157894737,9.09346010409779,138,271,1,1
tracker,jumpDown,16,NaN,0.937689763444805,0.257727654814607,0.995912058727648,0.871688760137825,0.997442435913336,0.3725,0.410472113127596,23,219,1,1
spsa,jumpDown,16,NaN,0.984741856886205,2.96741387973067,0.967042584192523,0.831969587395296,0.971494317663449,0.285,3.40806251412359,38,100,1,1
bayes,jumpDown,16,NaN,0.484255658121946,4.27737099009269,0.939216136174554,0.801374920385695,0.968484927508722,0.206106870229008,6.47176528216603,194,204,1,1
qnewton,jumpDown,16,NaN,0.290885443706472,1.66639649091026,0.980979360984791,0.916663495827978,0.983912717785274,0.655,1.93894385261217,35,270,1,1
ea_multistart,jumpDown,17,NaN,0.0405799130090072,1.3188879916902,0.919644373307104,0.803485791428736,0.987037190742454,0.237762237762238,8.73768480787106,215,260,1,1
tracker,jumpDown,17,NaN,0.937689763444805,0.257727654814607,0.995912058727648,0.871688760137825,0.997442435913336,0.3725,0.410472113127596,23,219,1,1
spsa,jumpDown,17,NaN,0.0538343532396839,1.63223476444116,0.96690187791294,0.848702373204831,0.984171447494537,0.35,3.42311074609782,40,100,1,1
bayes,jumpDown,17,NaN,2.81758899145528,7.38319315425938,0.938189446080891,0.781155956948988,0.938422942545012,0.152671755725191,6.58828066946507,105,204,1,1
qnewton,jumpDown,17,NaN,0.0595954346222909,1.00860514705753,0.982102806390961,0.913085772187188,0.990114563305692,0.625,1.82233402578369,37,268,1,1
ea_multistart,jumpDown,18,NaN,0.62401846298853,0.925197113973276,0.920631200061328,0.86746767811486,0.991258806646569,0.548872180451128,8.62112862711858,67,271,1,1
tracker,jumpDown,18,NaN,0.937689763444805,0.257727654814607,0.995912058727648,0.871688760137825,0.997442435913336,0.3725,0.410472113127596,23,219,1,1
spsa,jumpDown,18,NaN,0.413181593379324,1.65919787216716,0.968634299773877,0.845994289930101,0.983923800143874,0.3325,3.23813643946382,34,100,1,1
bayes,jumpDown,18,NaN,1.65092232478861,6.8691924412408,0.943168864433297,0.797637925161119,0.944351337804723,0.213740458015267,6.02555255053398,103,204,1,1
qnewton,jumpDown,18,NaN,0.00378449526136837,0.651315762542602,0.985289760116498,0.930220169723529,0.993584298884266,0.6975,1.49298617309924,38,268,1,1
ea_multistart,jumpDown,19,NaN,0.584255658121946,18.6250052539782,0.8989245645934,0.733536199280004,0.874449288495072,0.108695652173913,11.2440397545837,267,312,1,1
tracker,jumpDown,19,NaN,0.937689763444805,0.257727654814607,0.995912058727648,0.871688760137825,0.997442435913336,0.3725,0.410472113127596,23,219,1,1
spsa,jumpDown,19,NaN,0.271594462785852,1.3130093370544,0.97045648374782,0.867919670060601,0.987304760622305,0.4325,3.04429067628933,34,100,1,1
bayes,jumpDown,19,NaN,1.15092232478861,8.15482502908495,0.92054772545621,0.750833541386335,0.932908852524889,0.0534351145038168,8.63097831287503,129,204,1,1
qnewton,jumpDown,19,NaN,0.0451404114600233,0.823790662628833,0.982652955404949,0.923898199295714,0.991905738644131,0.675,1.76532767745069,40,270,1,1
ea_multistart,jumpDown,20,NaN,0.568856540749967,0.255634626605204,0.945117525098879,0.909298111727317,0.997464497259593,0.6875,5.80694711965896,31,181,1,1
tracker,jumpDown,20,NaN,0.937689763444805,0.257727654814607,0.995912058727648,0.871688760137825,0.997442435913336,0.3725,0.410472113127596,23,219,1,1
spsa,jumpDown,20,NaN,0.31064501863692,1.67954250682256,0.971234984912443,0.852725510502788,0.983693393488554,0.36,2.96169470152996,34,100,1,1
bayes,jumpDown,20,NaN,1.48425565812195,5.49254634234566,0.930991655369762,0.798153379210062,0.954490396517353,0.231552162849873,7.41234835266381,45,204,1,1
qnewton,jumpDown,20,NaN,0.229488819791003,0.67163279633599,0.972601070504995,0.89032309439399,0.993408530471642,0.53,2.81707786737057,91,266,1,1
ea_multistart,ramp,11,NaN,0.89175016414278,1.29751536767984,0.944364241774452,0.84960417125788,0.987240167902181,0.40625,5.89134528442214,NaN,181,1,1
tracker,ramp,11,NaN,0.312199081097358,0.256826984668974,0.995442554010251,0.850955908492375,0.997448771624165,0.27,0.457831139666358,NaN,230,1,1
spsa,ramp,11,NaN,0.250612223104265,2.05847603100183,0.974191801591975,0.867616012745051,0.98006703983021,0.4325,2.64919067947921,NaN,100,1,1
bayes,ramp,11,NaN,2.48425565812194,5.14231508629814,0.919359358106949,0.776125909935279,0.954735951963946,0.150127226463104,8.77139512226182,NaN,204,1,1
qnewton,ramp,11,NaN,0.429039601496415,0.56426158986479,0.985926841262768,0.928293010399036,0.994431965892173,0.685,1.4274039561807,NaN,270,1,1
ea_multistart,ramp,12,NaN,1.02772522695416,3.42722460373933,0.947372107657952,0.857047986202509,0.967467464172798,0.465608465608466,5.55514479649943,NaN,214,1,1
tracker,ramp,12,NaN,0.312199081097358,0.256826984668974,0.995442554010251,0.850955908492375,0.997448771624165,0.27,0.457831139666358,NaN,230,1,1
spsa,ramp,12,NaN,0.0041514950073136,1.49011883732033,0.972784859804207,0.863559262718656,0.985556109388509,0.4075,2.79765252527374,NaN,100,1,1
bayes,ramp,12,NaN,2.31758899145528,5.70980478754169,0.952749586058894,0.809096222692642,0.949614265119894,0.239185750636132,4.95937386197773,NaN,204,1,1
qnewton,ramp,12,NaN,0.253287294076972,0.791918269894307,0.98745684731799,0.93839306195336,0.992215460981217,0.735,1.27024818513114,NaN,266,1,1
ea_multistart,ramp,13,NaN,0.858007890784391,1.14431596524288,0.944351064978218,0.853617039250248,0.988733593965702,0.424107142857143,5.89282281617012,NaN,181,1,1
tracker,ramp,13,NaN,0.312199081097358,0.256826984668974,0.995442554010251,0.850955908492375,0.997448771624165,0.27,0.457831139666358,NaN,230,1,1
spsa,ramp,13,NaN,0.0658965277686541,1.51120280941409,0.969703227606783,0.860457399170649,0.985352617890856,0.4,3.12433449025316,NaN,100,1,1
bayes,ramp,13,NaN,0.817588991455279,4.15699623891089,0.943569470200493,0.812153024259949,0.964925679726573,0.254452926208651,5.98053790226134,NaN,204,1,1
qnewton,ramp,13,NaN,0.0281552915498615,0.644704502603399,0.986264714252681,0.961227042409369,0.993648950943429,0.85,1.39265711819842,NaN,270,1,1
ea_multistart,ramp,14,NaN,1.09402977409071,2.29991250992338,0.948084744458328,0.802659694991511,0.97756161851015,0.176744186046512,5.47580328078507,NaN,187,1,1
tracker,ramp,14,NaN,0.312199081097358,0.256826984668974,0.995442554010251,0.850955908492375,0.997448771624165,0.27,0.457831139666358,NaN,230,1,1
spsa,ramp,14,NaN,0.528365306233829,2.11179284973465,0.969951746033242,0.842857130920703,0.979604193013607,0.32,3.09791225075317,NaN,100,1,1
bayes,ramp,14,NaN,4.81758899145528,5.76509401342571,0.925716733472984,0.764690313991649,0.948430494243228,0.0865139949109415,8.02440572164332,NaN,204,1,1
qnewton,ramp,14,NaN,0.126330609901093,0.725687876293043,0.986749105748131,0.932732916340403,0.992861211554458,0.7075,1.3428838369022,NaN,268,1,1
ea_multistart,ramp,15,NaN,0.565885362776204,0.251594030214854,0.94859094789526,0.908368220105674,0.997504391955384,0.674107142857143,5.41951746628053,NaN,181,1,1
tracker,ramp,15,NaN,0.312199081097358,0.256826984668974,0.995442554010251,0.850955908492375,0.997448771624165,0.27,0.457831139666358,NaN,230,1,1
spsa,ramp,15,NaN,0.569145805108337,1.2963518510306,0.972367123078768,0.871924833854137,0.987470907715843,0.4475,2.84181522239655,NaN,100,1,1
bayes,ramp,15,NaN,0.984255658121945,3.05439856406588,0.937075365666307,0.792366307519039,0.974254872786708,0.157760814249364,6.7150025109187,NaN,204,1,1
qnewton,ramp,15,NaN,0.0640276996949503,0.572067040677947,0.980265727607821,0.921439491750097,0.994355426487287,0.665,2.01315539617381,NaN,268,1,1
ea_multistart,ramp,16,NaN,0.0564499692469695,1.24574585893215,0.949474548423577,0.855790619995705,0.987747605815024,0.423645320197044,5.32141189674967,NaN,199,1,1
tracker,ramp,16,NaN,0.312199081097358,0.256826984668974,0.995442554010251,0.850955908492375,0.997448771624165,0.27,0.457831139666358,NaN,230,1,1
spsa,ramp,16,NaN,1.01678324497504,3.02684328431011,0.972917138070348,0.865726081038166,0.970891706676641,0.44,2.7836761086733,NaN,100,1,1
bayes,ramp,16,NaN,3.31758899145528,3.37691955487552,0.949434730891106,0.809768178556642,0.970949699344002,0.21882951653944,5.32582888151088,NaN,204,1,1
qnewton,ramp,16,NaN,0.0726896805783408,0.94703811803405,0.986726454491664,0.925077566083135,0.990714462791011,0.6725,1.34521026044388,NaN,268,1,1
ea_multistart,ramp,17,NaN,0.477695170703284,0.186649192831115,0.933479666144,0.860060694205347,0.998144367043129,0.469387755102041,7.12606136679778,NaN,256,1,1
tracker,ramp,17,NaN,0.312199081097358,0.256826984668974,0.995442554010251,0.850955908492375,0.997448771624165,0.27,0.457831139666358,NaN,230,1,1
spsa,ramp,17,NaN,0.411425762543641,1.1320066536989,0.972042478772062,0.871749295271462,0.989093519618103,0.445,2.87616249685464,NaN,100,1,1
bayes,ramp,17,NaN,2.15092232478861,7.47144179640742,0.949808019295637,0.794709045762365,0.933701265419991,0.198473282442748,5.28443429458351,NaN,204,1,1
qnewton,ramp,17,NaN,0.0287050122561805,0.768295085219186,0.986758462193915,0.941612426446235,0.99244398449759,0.7525,1.3419229034676,NaN,270,1,1
ea_multistart,ramp,18,NaN,0.083737584203087,1.12347046176934,0.947630425706733,0.861688096077238,0.988937244597706,0.455958549222798,5.52637113294569,NaN,210,1,1
tracker,ramp,18,NaN,0.312199081097358,0.256826984668974,0.995442554010251,0.850955908492375,0.997448771624165,0.27,0.457831139666358,NaN,230,1,1
spsa,ramp,18,NaN,0.760541092976387,2.21945178553977,0.968140176888586,0.828144316477242,0.97858076010983,0.2525,3.29082749295724,NaN,100,1,1
bayes,ramp,18,NaN,2.81758899145528,7.62297846639546,0.947855929269186,0.782328009596262,0.931308037912941,0.145038167938931,5.50126544769496,NaN,204,1,1
qnewton,ramp,18,NaN,0.300026748287985,0.688857072498809,0.987269887251361,0.962599000287811,0.993213522207102,0.855,1.28942581081656,NaN,272,1,1
ea_multistart,ramp,19,NaN,0.206493562860702,0.644397147693456,0.933911125684676,0.842593522569907,0.993623131064687,0.387755102040816,7.07656997520753,NaN,256,1,1
tracker,ramp,19,NaN,0.312199081097358,0.256826984668974,0.995442554010251,0.850955908492375,0.997448771624165,0.27,0.457831139666358,NaN,230,1,1
spsa,ramp,19,NaN,0.369624347764252,1.38645764375496,0.972044188563877,0.867997363989543,0.986584232358682,0.43,2.87598154127397,NaN,100,1,1
bayes,ramp,19,NaN,1.48425565812194,6.12231195871063,0.956561576662129,0.816526373522304,0.94597552994196,0.272264631043257,4.54110058334637,NaN,204,1,1
qnewton,ramp,19,NaN,0.070349636961069,0.732585786174934,0.985613827435338,0.938644553474902,0.992792132524109,0.74,1.45961553746627,NaN,268,1,1
ea_multistart,ramp,20,NaN,1.17417994748949,2.69551810055518,0.939283469974201,0.762670916866808,0.973787749122834,0.00446428571428571,6.46413271038049,NaN,181,1,1
tracker,ramp,20,NaN,0.312199081097358,0.256826984668974,0.995442554010251,0.850955908492375,0.997448771624165,0.27,0.457831139666358,NaN,230,1,1
spsa,ramp,20,NaN,0.355677830985963,1.9169072522476,0.9713575382296,0.835592851907071,0.981380275974236,0.2775,2.9487043280277,NaN,100,1,1
bayes,ramp,20,NaN,1.15092232478861,5.12226947993751,0.95452783970779,0.817681601860662,0.954912205501775,0.269720101781171,4.7638380360001,NaN,204,1,1
qnewton,ramp,20,NaN,0.220617862614296,0.6330127054527,0.984029472532525,0.936650658576464,0.993786407700674,0.7325,1.6229724732099,NaN,266,1,1
ea_multistart,offset,11,NaN,0.253186003580094,0.474892471359041,0.949416680023836,0.888474045903507,0.995290448210058,0.575892857142857,5.32783139800047,NaN,181,1,1
tracker,offset,11,NaN,1.24094873542841,0.236529969949022,0.996351992954784,0.880469244563769,0.997644160287925,0.415,0.366136372588324,NaN,238,1,1
spsa,offset,11,NaN,0.317893149871483,1.99196685620133,0.973122654242631,0.848767720646215,0.980687978416331,0.34,2.76196897073442,NaN,100,1,1
bayes,offset,11,NaN,0.784255658121945,4.20945429146912,0.931422891356078,0.778092625685566,0.964934722162494,0.114503816793893,7.36261791290951,NaN,204,1,1
qnewton,offset,11,NaN,0.448610656942382,0.5387556735533,0.986649446214051,0.933728866053782,0.994680476489188,0.71,1.3531202837216,NaN,270,1,1
ea_multistart,offset,12,NaN,0.800922324788612,12.102186228994,0.932244530611703,0.833406053181961,0.90587133272136,0.477611940298507,7.26799323175851,NaN,270,1,1
tracker,offset,12,NaN,1.24094873542841,0.236529969949022,0.996351992954784,0.880469244563769,0.997644160287925,0.415,0.366136372588324,NaN,238,1,1
spsa,offset,12,NaN,0.0735243996533539,1.30107584220292,0.973480900306858,0.866456155510016,0.987385684521955,0.4175,2.72415202853828,NaN,100,1,1
bayes,offset,12,NaN,0.284255658121945,3.07320066020946,0.953519261789417,0.822407406224068,0.975738555593201,0.264631043256997,4.87465120771185,NaN,204,1,1
qnewton,offset,12,NaN,0.292689487077732,0.857507147942093,0.988227590067493,0.942085796825147,0.991573339304668,0.7525,1.19126505380233,NaN,266,1,1
ea_multistart,offset,13,NaN,0.456940955669313,0.177967366206959,0.950350102671294,0.918393913664657,0.9982295410967,0.71875,5.22437964589544,NaN,181,1,1
tracker,offset,13,NaN,1.24094873542841,0.236529969949022,0.996351992954784,0.880469244563769,0.997644160287925,0.415,0.366136372588324,NaN,238,1,1
spsa,offset,13,NaN,0.232151466837014,1.32490312118379,0.973912634517807,0.875603559571395,0.987157474374971,0.4625,2.67861454483632,NaN,100,1,1
bayes,offset,13,NaN,1.61758899145528,5.58006671426355,0.941649254416207,0.778548975817056,0.951108303675305,0.111959287531807,6.19665393564922,NaN,204,1,1
qnewton,offset,13,NaN,0.00619881795042154,0.619613355975584,0.986755077937676,0.960545321483505,0.993892608382222,0.845,1.34227047404769,NaN,270,1,1
ea_multistart,offset,14,NaN,0.0655913927395337,1.74318045557357,0.950523793367239,0.83618695514733,0.982928489452679,0.330232558139535,5.20515183081227,NaN,187,1,1
tracker,offset,14,NaN,1.24094873542841,0.236529969949022,0.996351992954784,0.880469244563769,0.997644160287925,0.415,0.366136372588324,NaN,238,1,1
spsa,offset,14,NaN,0.862547887604447,2.32871039154552,0.96978516203447,0.834657358629267,0.977549258706774,0.2825,3.11562180453907,NaN,100,1,1
bayes,offset,14,NaN,0.450922324788612,2.95951432334628,0.944210686718287,0.819519539251592,0.976537565612657,0.272264631043257,5.90856617770501,NaN,204,1,1
qnewton,offset,14,NaN,0.131986970717986,0.678966828053335,0.987291738944698,0.935140115652828,0.99331415393493,0.7175,1.28718397551723,NaN,268,1,1
ea_multistart,offset,15,NaN,0.226451202734131,0.550447942152854,0.949424406356287,0.883790310291848,0.994546071331396,0.553571428571429,5.32697424935734,NaN,181,1,1
tracker,offset,15,NaN,1.24094873542841,0.236529969949022,0.996351992954784,0.880469244563769,0.997644160287925,0.415,0.366136372588324,NaN,238,1,1
spsa,offset,15,NaN,0.511142673925035,1.22579433787735,0.971253745196374,0.847566662707677,0.9881326336983,0.3275,2.95970594150075,NaN,100,1,1
bayes,offset,15,NaN,0.950922324788612,4.03624113813861,0.948678342648847,0.812444248268132,0.965863403213551,0.241730279898219,5.40980594200727,NaN,204,1,1
qnewton,offset,15,NaN,0.0861867700184034,0.53575548772317,0.981460049898642,0.925643453729306,0.994711429266617,0.6825,1.8890172965545,NaN,268,1,1
ea_multistart,offset,16,NaN,0.349902709204935,0.269323218289932,0.947332249087372,0.869481048504959,0.997321888244501,0.483091787439614,5.55958598088116,NaN,195,1,1
tracker,offset,16,NaN,1.24094873542841,0.236529969949022,0.996351992954784,0.880469244563769,0.997644160287925,0.415,0.366136372588324,NaN,238,1,1
spsa,offset,16,NaN,1.02140927663318,2.94177836008584,0.974394743063604,0.872699844763065,0.971674910770878,0.47,2.62781148181182,NaN,100,1,1
bayes,offset,16,NaN,1.78425565812195,7.39612483177086,0.935585978146911,0.784040166220205,0.935412558258461,0.178117048346056,6.88488534005956,NaN,204,1,1
qnewton,offset,16,NaN,0.0700361644458143,0.931131344696415,0.987373870378495,0.922446638868963,0.990865678932385,0.6575,1.2787587357021,NaN,268,1,1
ea_multistart,offset,17,NaN,1.26190555811933,3.41509286225231,0.949399349105294,0.825540674702249,0.967148275788889,0.303482587064677,5.32975411689422,NaN,202,1,1
tracker,offset,17,NaN,1.24094873542841,0.236529969949022,0.996351992954784,0.880469244563769,0.997644160287925,0.415,0.366136372588324,NaN,238,1,1
spsa,offset,17,NaN,0.509375690469565,1.16336237385085,0.973247019707195,0.873248631362796,0.988750405030662,0.45,2.74883762817518,NaN,100,1,1
bayes,offset,17,NaN,5.28425565812195,5.66658546804357,0.953623094990661,0.80624675426479,0.950534658697181,0.221374045801527,4.8632321567037,NaN,204,1,1
qnewton,offset,17,NaN,0.0308239975005788,0.706860003432005,0.987149050967022,0.945486334122142,0.99303936212877,0.77,1.30182458468545,NaN,270,1,1
ea_multistart,offset,18,NaN,0.0061308337347068,1.46369094139072,0.948071286299357,0.849517230375951,0.985629470374276,0.398963730569948,5.47730054174921,NaN,210,1,1
tracker,offset,18,NaN,1.24094873542841,0.236529969949022,0.996351992954784,0.880469244563769,0.997644160287925,0.415,0.366136372588324,NaN,238,1,1
spsa,offset,18,NaN,0.84771541929581,2.2073158396401,0.968705860116792,0.830956512733396,0.978678608916666,0.265,3.23051002080601,NaN,100,1,1
bayes,offset,18,NaN,2.28425565812195,6.54887799260482,0.949826803999894,0.797074558421654,0.941554999777193,0.198473282442748,5.28235208659282,NaN,204,1,1
qnewton,offset,18,NaN,0.213739271256567,0.76780778813752,0.984221070256814,0.922850881677398,0.99246782182997,0.665,1.60318959022785,NaN,268,1,1
ea_multistart,offset,19,NaN,0.367069994062845,0.244704229796713,0.956906424656956,0.927490428110043,0.997565913070333,0.748837209302326,4.50342627373341,NaN,187,1,1
tracker,offset,19,NaN,1.24094873542841,0.236529969949022,0.996351992954784,0.880469244563769,0.997644160287925,0.415,0.366136372588324,NaN,238,1,1
spsa,offset,19,NaN,0.696781261276204,1.66010450678613,0.971066516117034,0.846194111989111,0.983869513101981,0.3275,2.97955736324444,NaN,100,1,1
bayes,offset,19,NaN,2.45092232478861,3.6305350779783,0.948434902739908,0.794656104673798,0.969740379545467,0.147582697201018,5.43686204621182,NaN,204,1,1
qnewton,offset,19,NaN,0.293747447337279,0.938363859333186,0.988786036756038,0.948628277649089,0.990784197570235,0.785,1.13411423979577,NaN,270,1,1
ea_multistart,offset,20,NaN,0.471209435925658,0.177151376175421,0.949899279998588,0.917278213872382,0.998238103386486,0.714285714285714,5.27431918902884,NaN,181,1,1
tracker,offset,20,NaN,1.24094873542841,0.236529969949022,0.996351992954784,0.880469244563769,0.997644160287925,0.415,0.366136372588324,NaN,238,1,1
spsa,offset,20,NaN,0.368881332208778,1.90885540166858,0.97125102198015,0.8255555479182,0.981433456427082,0.2275,2.95999462232093,NaN,100,1,1
bayes,offset,20,NaN,1.11758899145528,2.90510688363396,0.95619708977065,0.826374882618203,0.976018666064639,0.27735368956743,4.58094996292621,NaN,204,1,1
qnewton,offset,20,NaN,0.216846006995546,0.600971835937973,0.984067768566292,0.93376254823619,0.994095546510146,0.7175,1.61901770819298,NaN,266,1,1
ea_multistart,static_wind,11,NaN,0.244922019095569,0.52405345966206,NaN,NaN,NaN,0.558035714285714,NaN,153,181,1,0
qnewton,static_wind,11,NaN,0.437626780753837,0.563536358131768,NaN,NaN,NaN,0.7125,NaN,15,270,1,0
spsa,static_wind,11,NaN,0.307855495111596,2.065087032871,NaN,NaN,NaN,0.3375,NaN,43,100,1,0
ea_multistart,static_wind,12,NaN,1.08637185629825,2.84630904819457,NaN,NaN,NaN,0.341968911917098,NaN,146,210,1,0
qnewton,static_wind,12,NaN,0.253393401229395,0.786671812488258,NaN,NaN,NaN,0.745,NaN,18,266,1,0
spsa,static_wind,12,NaN,0.096894682790599,1.3225371125162,NaN,NaN,NaN,0.4275,NaN,51,100,1,0
ea_multistart,static_wind,13,NaN,0.300912733193652,0.378869155420267,NaN,NaN,NaN,0.625,NaN,152,181,1,0
qnewton,static_wind,13,NaN,0.00800733127781417,0.654025566822924,NaN,NaN,NaN,0.845,NaN,18,270,1,0
spsa,static_wind,13,NaN,0.231429873192689,1.3822939456532,NaN,NaN,NaN,0.465,NaN,51,100,1,0
ea_multistart,static_wind,14,NaN,0.0617171707644779,1.81603417925926,NaN,NaN,NaN,0.33953488372093,NaN,155,187,1,0
qnewton,static_wind,14,NaN,0.128805206695846,0.708235164545343,NaN,NaN,NaN,0.72,NaN,18,268,1,0
spsa,static_wind,14,NaN,0.783803884038617,2.37181905709245,NaN,NaN,NaN,0.285,NaN,51,100,1,0
ea_multistart,static_wind,15,NaN,0.21818130841936,0.606111219275495,NaN,NaN,NaN,0.549107142857143,NaN,152,181,1,0
qnewton,static_wind,15,NaN,0.0622785905279617,0.57596753877976,NaN,NaN,NaN,0.695,NaN,18,268,1,0
spsa,static_wind,15,NaN,0.56003018821144,1.29101289586149,NaN,NaN,NaN,0.3275,NaN,51,100,1,0
fixed,static_nowind,11,NaN,0,0,1,1,1,1,0,NaN,0,1,1
fixed,static_nowind,12,NaN,0,0,1,1,1,1,0,NaN,0,1,1
fixed,static_nowind,13,NaN,0,0,1,1,1,1,0,NaN,0,1,1
fixed,static_nowind,14,NaN,0,0,1,1,1,1,0,NaN,0,1,1
fixed,static_nowind,15,NaN,0,0,1,1,1,1,0,NaN,0,1,1
